# FreeCAD v0.18 build Arch module
# http://www.freecadweb.org
mtllib GPIB2.mtl
o Part__Feature
usemtl color_cccccc
v 11.33475 3.72083 0.0
v 11.176 3.747851 0.0
v 11.176 3.531681 0.0
v 11.33475 3.937 0.0
v 11.4935 3.937 0.0
v 11.4935 2.667 0.0
v 11.33475 2.667 0.0
v 10.82675 -2.75617 0.0
v 10.668 -2.729149 0.0
v 10.668 -2.945319 0.0
v 10.82675 -2.54 0.0
v 10.9855 -2.54 0.0
v 10.9855 -3.81 0.0
v 10.82675 -3.81 0.0
v 12.123208 -3.296596 0.0
v 12.017375 -3.404681 0.0
v 12.149667 -3.404681 0.0
v 11.964458 -3.296596 0.0
v 11.885083 -3.053404 0.0
v 11.885083 -3.242553 0.0
v 11.938 -3.161489 0.0
v 11.726333 -3.107447 0.0
v 12.070292 -3.215532 0.0
v 11.46175 -2.567021 0.0
v 11.355917 -2.621064 0.0
v 11.488208 -2.702128 0.0
v 11.408833 -3.620851 0.0
v 11.276542 -3.674894 0.0
v 11.355917 -3.728936 0.0
v 11.6205 -2.675106 0.0
v 12.043833 -3.080426 0.0
v 11.938 -2.999362 0.0
v 11.355917 -3.566809 0.0
v 11.223625 -3.59383 0.0
v 11.46175 -3.647872 0.0
v 11.46175 -3.782979 0.0
v 11.329458 -3.512766 0.0
v 11.197167 -3.512766 0.0
v 12.09675 -2.999362 0.0
v 11.594042 -3.674894 0.0
v 11.567583 -3.81 0.0
v 11.990917 -2.891277 0.0
v 11.77925 -3.81 0.0
v 11.646958 -2.54 0.0
v 11.726333 -2.675106 0.0
v 11.752792 -3.674894 0.0
v 11.885083 -3.782979 0.0
v 11.885083 -3.647872 0.0
v 11.990917 -3.728936 0.0
v 11.699875 -2.54 0.0
v 11.938 -3.620851 0.0
v 12.123208 -2.891277 0.0
v 12.070292 -3.674894 0.0
v 12.123208 -2.837234 0.0
v 11.990917 -2.837234 0.0
v 11.885083 -2.567021 0.0
v 11.858625 -2.702128 0.0
v 11.990917 -3.566809 0.0
v 12.09675 -2.729149 0.0
v 11.938 -2.75617 0.0
v 11.990917 -2.621064 0.0
v 11.250083 -2.729149 0.0
v 11.223625 -2.837234 0.0
v 11.355917 -2.837234 0.0
v 12.123208 -3.59383 0.0
v 12.017375 -3.512766 0.0
v 11.6205 -3.215532 0.0
v 11.726333 -3.215532 0.0
v 11.6205 -3.107447 0.0
v 12.149667 -3.512766 0.0
v 11.408833 -2.75617 0.0
v 14.828532 4.126361 0.0
v 14.3764 4.1783 0.0
v 15.0876 2.05105 0.0
v 16.191222 3.010267 0.0
v 16.33122 2.57723 0.0
v 15.257109 3.973251 0.0
v 15.956677 3.400279 0.0
v 15.639803 3.726947 0.0
v 15.0876 -2.05105 0.0
v -15.0876 -2.05105 0.0
v 10.16 -2.1463 0.0
v -13.218034 -4.1783 0.0
v 12.7 -2.1463 0.0
v -15.0876 2.05105 0.0
v 12.7 2.1463 0.0
v 10.16 2.1463 0.0
v -14.3764 4.1783 0.0
v -15.145338 -2.695415 0.0
v -14.988649 -3.10122 0.0
v -14.747684 -3.463386 0.0
v -14.433913 -3.764677 0.0
v -14.062269 -3.990751 0.0
v -13.650442 -4.130848 0.0
v -16.303704 1.673385 0.0
v -16.191222 3.010267 0.0
v -16.33122 2.57723 0.0
v -16.369377 2.123727 0.0
v -15.956677 3.400279 0.0
v -15.639803 3.726947 0.0
v -15.257109 3.973251 0.0
v -14.828532 4.126361 0.0
v 10.16 -4.1783 0.0
v 13.218034 -4.1783 0.0
v 13.650442 -4.130848 0.0
v 14.062269 -3.990751 0.0
v 12.7 -4.1783 0.0
v 14.433913 -3.764677 0.0
v 14.747684 -3.463386 0.0
v 14.988649 -3.10122 0.0
v 15.145338 -2.695415 0.0
v 10.16 4.1783 0.0
v 16.303704 1.673385 0.0
v 16.369377 2.123727 0.0
v 12.7 4.1783 0.0
v 11.4935 2.667 -0.1651
v 11.33475 2.667 -0.1651
v 11.4935 3.937 -0.1651
v 11.33475 3.937 -0.1651
v 11.176 3.747851 -0.1651
v 11.176 3.531681 -0.1651
v 11.33475 3.72083 -0.1651
v 10.16 2.1463 -0.1651
v 10.16 4.1783 -0.1651
v 12.7 2.1463 -0.1651
v 12.7 4.1783 -0.1651
v 12.7 -4.1783 -0.1651
v 11.77925 -3.81 -0.1651
v 11.567583 -3.81 -0.1651
v 11.885083 -3.782979 -0.1651
v 11.990917 -3.728936 -0.1651
v 10.16 -4.1783 -0.1651
v 12.123208 -3.59383 -0.1651
v 12.070292 -3.674894 -0.1651
v 10.9855 -3.81 -0.1651
v 10.82675 -3.81 -0.1651
v 12.7 -2.1463 -0.1651
v 12.123208 -3.296596 -0.1651
v 12.149667 -3.404681 -0.1651
v 12.123208 -2.837234 -0.1651
v 12.123208 -2.891277 -0.1651
v 12.09675 -2.729149 -0.1651
v 11.990917 -2.621064 -0.1651
v 11.885083 -2.567021 -0.1651
v 11.699875 -2.54 -0.1651
v 12.017375 -3.404681 -0.1651
v 11.990917 -3.566809 -0.1651
v 12.017375 -3.512766 -0.1651
v 11.355917 -3.728936 -0.1651
v 11.276542 -3.674894 -0.1651
v 11.938 -3.620851 -0.1651
v 11.885083 -3.647872 -0.1651
v 10.16 -2.1463 -0.1651
v 10.9855 -2.54 -0.1651
v 11.46175 -2.567021 -0.1651
v 11.646958 -2.54 -0.1651
v 11.223625 -3.59383 -0.1651
v 11.197167 -3.512766 -0.1651
v 11.223625 -2.837234 -0.1651
v 10.82675 -2.75617 -0.1651
v 10.668 -2.945319 -0.1651
v 11.46175 -3.782979 -0.1651
v 12.149667 -3.512766 -0.1651
v 11.885083 -3.242553 -0.1651
v 11.726333 -3.215532 -0.1651
v 11.752792 -3.674894 -0.1651
v 11.408833 -2.75617 -0.1651
v 11.355917 -2.837234 -0.1651
v 11.6205 -3.107447 -0.1651
v 11.964458 -3.296596 -0.1651
v 11.355917 -2.621064 -0.1651
v 11.250083 -2.729149 -0.1651
v 11.46175 -3.647872 -0.1651
v 11.355917 -3.566809 -0.1651
v 11.408833 -3.620851 -0.1651
v 11.329458 -3.512766 -0.1651
v 11.488208 -2.702128 -0.1651
v 10.668 -2.729149 -0.1651
v 11.6205 -2.675106 -0.1651
v 12.043833 -3.080426 -0.1651
v 11.938 -3.161489 -0.1651
v 12.070292 -3.215532 -0.1651
v 10.82675 -2.54 -0.1651
v 11.726333 -2.675106 -0.1651
v 11.726333 -3.107447 -0.1651
v 11.885083 -3.053404 -0.1651
v 12.09675 -2.999362 -0.1651
v 11.6205 -3.215532 -0.1651
v 11.594042 -3.674894 -0.1651
v 11.858625 -2.702128 -0.1651
v 11.938 -2.999362 -0.1651
v 11.938 -2.75617 -0.1651
v 11.990917 -2.891277 -0.1651
v 11.990917 -2.837234 -0.1651
v -14.3764 4.1783 0.254
v 14.3764 4.1783 0.254
v -14.828532 4.126361 0.254
v -15.257109 3.973251 0.254
v -15.639803 3.726947 0.254
v -15.956677 3.400279 0.254
v -16.191222 3.010267 0.254
v -16.33122 2.57723 0.254
v -16.369377 2.123727 0.254
v -16.303704 1.673385 0.254
v -15.145338 -2.695415 0.254
v -14.988649 -3.10122 0.254
v -14.747684 -3.463386 0.254
v -14.433913 -3.764677 0.254
v -14.062269 -3.990751 0.254
v -13.650442 -4.130848 0.254
v -13.218034 -4.1783 0.254
v 13.218034 -4.1783 0.254
v 13.650442 -4.130848 0.254
v 14.062269 -3.990751 0.254
v 14.433913 -3.764677 0.254
v 14.747684 -3.463386 0.254
v 14.988649 -3.10122 0.254
v 15.145338 -2.695415 0.254
v 16.303704 1.673385 0.254
v 16.369377 2.123727 0.254
v 16.33122 2.57723 0.254
v 16.191222 3.010267 0.254
v 15.956677 3.400279 0.254
v 15.639803 3.726947 0.254
v 15.257109 3.973251 0.254
v 14.828532 4.126361 0.254
v -13.157421 -6.1087 0.254
v 13.958892 -6.020748 0.254
v 14.722214 -5.761077 0.254
v 15.411057 -5.342048 0.254
v 15.992634 -4.783605 0.254
v -16.439263 -4.112329 0.254
v -15.992634 -4.783605 0.254
v 16.439263 -4.112329 0.254
v -15.411057 -5.342048 0.254
v -16.729685 -3.360169 0.254
v 16.729685 -3.360169 0.254
v -14.722214 -5.761077 0.254
v -13.958892 -6.020748 0.254
v -17.948664 1.237231 0.254
v 17.948664 1.237231 0.254
v -17.999666 2.912511 0.254
v -18.070389 2.071942 0.254
v -17.740179 3.715147 0.254
v 18.070389 2.071942 0.254
v 14.3764 5.8801 0.254
v -14.3764 5.8801 0.254
v -17.305448 4.438036 0.254
v 17.999666 2.912511 0.254
v 15.214428 5.783832 0.254
v -16.718121 5.043515 0.254
v 17.740179 3.715147 0.254
v 16.008797 5.500042 0.254
v -16.008797 5.500042 0.254
v 17.305448 4.438036 0.254
v 16.718121 5.043515 0.254
v -15.214428 5.783832 0.254
v 13.157421 -6.1087 0.254
v -14.3764 5.8801 -7.747
v -15.214428 5.783832 -7.747
v -16.008797 5.500042 -7.747
v -16.718121 5.043515 -7.747
v -17.305448 4.438036 -7.747
v -17.740179 3.715147 -7.747
v -17.999666 2.912511 -7.747
v -18.070389 2.071942 -7.747
v -17.948664 1.237231 -7.747
v -27.94 -7.112 -7.747
v -27.920895 -7.281561 -7.747
v -27.864538 -7.442619 -7.747
v -27.178 -7.874 -7.747
v -27.773756 -7.587099 -7.747
v -27.653099 -7.707756 -7.747
v -27.508619 -7.798538 -7.747
v -27.347561 -7.854895 -7.747
v -24.836284 -2.090379 -7.747
v -25.294617 -1.684332 -7.747
v -25.642458 -1.180397 -7.747
v -24.294096 -2.374941 -7.747
v -25.859592 -0.607862 -7.747
v -23.699563 -2.521481 -7.747
v -25.9334 0.0 -7.747
v -23.087237 -2.521481 -7.747
v -22.492704 -2.374941 -7.747
v -27.94 7.112 -7.747
v -25.642458 1.180397 -7.747
v -25.294617 1.684332 -7.747
v -25.859592 0.607862 -7.747
v -24.836284 2.090379 -7.747
v -24.294096 2.374941 -7.747
v -15.992634 -4.783605 -7.747
v -15.411057 -5.342048 -7.747
v -16.439263 -4.112329 -7.747
v -21.950516 -2.090379 -7.747
v -14.722214 -5.761077 -7.747
v -27.864538 7.442619 -7.747
v -27.920895 7.281561 -7.747
v -16.729685 -3.360169 -7.747
v -21.492183 -1.684332 -7.747
v -21.144342 -1.180397 -7.747
v -20.927208 -0.607862 -7.747
v -13.958892 -6.020748 -7.747
v -27.178 7.874 -7.747
v -27.347561 7.854895 -7.747
v -27.508619 7.798538 -7.747
v -27.653099 7.707756 -7.747
v -27.773756 7.587099 -7.747
v -23.699563 2.521481 -7.747
v -23.087237 2.521481 -7.747
v -13.157421 -6.1087 -7.747
v -20.8534 0.0 -7.747
v -20.927208 0.607862 -7.747
v -21.144342 1.180397 -7.747
v -21.492183 1.684332 -7.747
v -21.950516 2.090379 -7.747
v -22.492704 2.374941 -7.747
v 27.178 -7.874 -7.747
v 13.157421 -6.1087 -7.747
v 13.958892 -6.020748 -7.747
v 14.722214 -5.761077 -7.747
v 15.411057 -5.342048 -7.747
v 15.992634 -4.783605 -7.747
v 27.508619 -7.798538 -7.747
v 27.347561 -7.854895 -7.747
v 21.950516 -2.090379 -7.747
v 16.729685 -3.360169 -7.747
v 16.439263 -4.112329 -7.747
v 21.492183 -1.684332 -7.747
v 21.144342 -1.180397 -7.747
v 22.492704 -2.374941 -7.747
v 27.773756 -7.587099 -7.747
v 27.653099 -7.707756 -7.747
v 20.927208 -0.607862 -7.747
v 17.948664 1.237231 -7.747
v 23.087237 -2.521481 -7.747
v 27.920895 -7.281561 -7.747
v 27.864538 -7.442619 -7.747
v 27.94 -7.112 -7.747
v 20.8534 0.0 -7.747
v 23.699563 -2.521481 -7.747
v 20.927208 0.607862 -7.747
v 18.070389 2.071942 -7.747
v 24.294096 -2.374941 -7.747
v 21.144342 1.180397 -7.747
v 24.836284 -2.090379 -7.747
v 21.492183 1.684332 -7.747
v 17.999666 2.912511 -7.747
v 25.294617 -1.684332 -7.747
v 21.950516 2.090379 -7.747
v 17.740179 3.715147 -7.747
v 25.642458 -1.180397 -7.747
v 22.492704 2.374941 -7.747
v 17.305448 4.438036 -7.747
v 25.859592 -0.607862 -7.747
v 23.087237 2.521481 -7.747
v 25.9334 0.0 -7.747
v 27.178 7.874 -7.747
v 16.718121 5.043515 -7.747
v 16.008797 5.500042 -7.747
v 15.214428 5.783832 -7.747
v 14.3764 5.8801 -7.747
v 23.699563 2.521481 -7.747
v 24.294096 2.374941 -7.747
v 27.94 7.112 -7.747
v 25.859592 0.607862 -7.747
v 25.642458 1.180397 -7.747
v 25.294617 1.684332 -7.747
v 24.836284 2.090379 -7.747
v 27.773756 7.587099 -7.747
v 27.920895 7.281561 -7.747
v 27.864538 7.442619 -7.747
v 27.653099 7.707756 -7.747
v 27.508619 7.798538 -7.747
v 27.347561 7.854895 -7.747
v 14.276786 -2.05105 -7.747
v -14.276786 2.05105 -7.747
v -14.276786 -2.05105 -7.747
v 14.276786 2.05105 -7.747
v -27.178 7.874 -9.779
v -27.335064 7.857637 -9.779
v -27.485383 7.809252 -9.779
v -27.6225 7.730921 -9.779
v -27.755386 7.609262 -9.779
v -27.855994 7.459804 -9.779
v -27.918701 7.290903 -9.779
v -27.94 7.112 -9.779
v -27.6225 7.874 -9.779
v 27.6225 7.874 -9.779
v 27.335064 7.857637 -9.779
v 27.485383 7.809252 -9.779
v 27.6225 7.730921 -9.779
v 27.178 7.874 -9.779
v -27.6225 -5.588 -10.0203
v -27.6225 -5.588 -13.0048
v -27.6225 -7.874 -10.0203
v -27.6225 -4.826 -15.9766
v -27.6225 -4.826 -14.5288
v -27.6225 -3.3782 -14.5288
v -27.6225 -7.874 -25.4
v -27.6225 6.35 -11.303
v -27.6225 4.2672 -9.779
v -27.6225 4.2672 -13.0048
v -27.6225 7.874 -11.303
v -27.6225 5.08 -14.5288
v -27.6225 -4.826 -24.4348
v -27.6225 -4.826 -25.4
v -27.6225 6.35 -14.5288
v -27.8384 5.08 -14.5288
v -27.8384 -3.3782 -14.5288
v -25.9842 1.835315 -14.5288
v -25.477005 2.395666 -14.5288
v -25.9842 5.08 -14.5288
v -24.851738 2.820261 -14.5288
v -24.143831 3.085041 -14.5288
v -23.3934 3.175 -14.5288
v -20.8026 5.08 -14.5288
v -22.642969 3.085041 -14.5288
v -21.935062 2.820261 -14.5288
v -21.309795 2.395666 -14.5288
v -20.8026 1.835315 -14.5288
v -27.8384 -3.700366 -14.565099
v -18.9484 -3.700366 -14.565099
v -18.9484 -3.3782 -14.5288
v -18.9484 -4.006377 -14.672177
v -27.8384 -4.006377 -14.672177
v -18.9484 -4.280889 -14.844664
v -27.8384 -4.280889 -14.844664
v -18.9484 -4.510136 -15.073911
v -27.8384 -4.510136 -15.073911
v -27.8384 -4.789701 -15.654434
v -27.8384 -4.826 -15.9766
v -18.9484 -4.682623 -15.348423
v -27.8384 -4.682623 -15.348423
v -18.9484 -4.789701 -15.654434
v -18.9484 -4.826 -15.9766
v -18.9484 -4.826 -24.4348
v -17.7165 -4.826 -18.8468
v -17.7165 -4.826 -25.4
v -18.4785 -4.826 -18.8468
v -18.4785 -4.826 -15.4178
v -17.7165 -4.826 -14.5288
v -17.7165 -4.826 -15.4178
v -18.9484 -4.090849 -15.082967
v -18.9484 -4.271833 -15.263951
v -18.9484 -3.874129 -14.946793
v -18.9484 -4.408007 -15.480671
v -18.9484 -3.632541 -14.862257
v -18.9484 -4.492543 -15.722259
v -18.9484 -4.5212 -15.9766
v -18.9484 -3.3782 -14.8336
v -18.9484 5.08 -14.8336
v -18.9484 5.08 -14.5288
v -18.9484 -4.5212 -24.4348
v -17.7165 6.35 -14.5288
v -20.8026 6.35 -14.5288
v -25.9842 6.35 -14.5288
v -17.7165 -1.143 -25.4
v -17.7165 2.2479 -18.8468
v -17.7165 7.874 -22.098
v -17.7165 2.2479 -15.4178
v -17.7165 7.874 -11.303
v -17.7165 6.35 -11.303
v 18.4785 -4.826 -15.4178
v 18.4785 -2.667 -15.4178
v 17.7165 -4.826 -15.4178
v 17.7419 2.2479 -15.4178
v 17.7165 2.2479 -15.4178
v -18.4785 -2.667 -15.4178
v -17.7419 2.2479 -15.4178
v 17.7165 -4.826 -14.5288
v 17.7165 6.35 -14.5288
v 17.7165 7.874 -11.303
v 17.7165 6.35 -11.303
v 17.7165 2.2479 -18.8468
v 17.7165 -1.143 -25.4
v 17.7165 -4.826 -18.8468
v 17.7165 -4.826 -25.4
v 17.7165 7.874 -22.098
v 27.6225 -4.826 -14.5288
v 18.9484 -4.826 -15.9766
v 27.6225 -4.826 -15.9766
v 27.6225 -4.826 -24.4348
v 27.6225 -4.826 -25.4
v 18.9484 -4.826 -24.4348
v 18.4785 -4.826 -18.8468
v 18.9484 -4.006377 -14.672177
v 18.9484 -4.090849 -15.082967
v 18.9484 -4.280889 -14.844664
v 18.9484 -4.510136 -15.073911
v 18.9484 -4.271833 -15.263951
v 18.9484 -4.682623 -15.348423
v 18.9484 -3.700366 -14.565099
v 18.9484 -3.874129 -14.946793
v 18.9484 -4.408007 -15.480671
v 18.9484 -4.789701 -15.654434
v 18.9484 -3.3782 -14.5288
v 18.9484 -3.632541 -14.862257
v 18.9484 -4.492543 -15.722259
v 18.9484 -4.5212 -15.9766
v 18.9484 -3.3782 -14.8336
v 18.9484 5.08 -14.5288
v 18.9484 5.08 -14.8336
v 18.9484 -4.5212 -24.4348
v 27.8384 -4.5212 -24.4348
v 27.8384 -4.826 -24.4348
v 27.8384 -4.826 -15.9766
v 27.6225 -5.588 -13.0048
v 27.6225 -5.588 -10.0203
v 27.6225 -7.874 -10.0203
v 27.6225 -3.3782 -14.5288
v 27.6225 -7.874 -25.4
v 27.6225 6.35 -11.303
v 27.6225 4.2672 -9.779
v 27.6225 4.2672 -13.0048
v 27.6225 7.874 -11.303
v 27.6225 5.08 -14.5288
v 27.6225 6.35 -14.5288
v 27.8384 -3.3782 -14.5288
v 27.8384 5.08 -14.5288
v 20.8026 1.835315 -14.5288
v 21.309795 2.395666 -14.5288
v 20.8026 5.08 -14.5288
v 21.935062 2.820261 -14.5288
v 22.642969 3.085041 -14.5288
v 23.3934 3.175 -14.5288
v 25.9842 5.08 -14.5288
v 24.143831 3.085041 -14.5288
v 24.851738 2.820261 -14.5288
v 25.477005 2.395666 -14.5288
v 25.9842 1.835315 -14.5288
v 27.8384 5.08 -14.8336
v 20.8026 6.35 -14.5288
v 25.9842 6.35 -14.5288
v 20.8026 0.2794 -14.5288
v 20.8026 0.2794 -13.0048
v 20.8026 4.2672 -13.0048
v 20.8026 6.35 -13.0048
v -20.874503 -0.326736 -14.5288
v -20.417169 -1.105746 -14.5288
v -21.024641 -0.916832 -14.5288
v -20.238544 -0.357084 -14.5288
v -21.716843 -1.908076 -14.5288
v -21.910296 -2.807317 -14.5288
v -22.219127 -2.252262 -14.5288
v -22.629399 -3.081709 -14.5288
v -20.770696 -1.789426 -14.5288
v -21.310904 -1.454239 -14.5288
v -25.9842 0.2794 -14.5288
v -26.349706 1.157963 -14.5288
v -26.541482 0.412562 -14.5288
v -21.278349 -2.367949 -14.5288
v -25.976178 0.075675 -14.5288
v -26.548256 -0.357084 -14.5288
v -25.952161 -0.126788 -14.5288
v -25.912297 -0.326736 -14.5288
v -26.369631 -1.105746 -14.5288
v -25.762159 -0.916832 -14.5288
v -26.016104 -1.789426 -14.5288
v -25.475896 -1.454239 -14.5288
v -25.069957 -1.908076 -14.5288
v -25.508451 -2.367949 -14.5288
v -24.567673 -2.252262 -14.5288
v -24.876504 -2.807317 -14.5288
v -20.437094 1.157963 -14.5288
v -20.8026 0.2794 -14.5288
v -23.997906 -2.467017 -14.5288
v -24.157401 -3.081709 -14.5288
v -20.245318 0.412562 -14.5288
v -20.810622 0.075675 -14.5288
v -23.3934 -2.54 -14.5288
v -23.3934 -3.175 -14.5288
v -22.788894 -2.467017 -14.5288
v -20.834639 -0.126788 -14.5288
v 25.912297 -0.326736 -14.5288
v 26.369631 -1.105746 -14.5288
v 25.762159 -0.916832 -14.5288
v 26.548256 -0.357084 -14.5288
v 25.069957 -1.908076 -14.5288
v 24.876504 -2.807317 -14.5288
v 24.567673 -2.252262 -14.5288
v 24.157401 -3.081709 -14.5288
v 26.016104 -1.789426 -14.5288
v 20.437094 1.157963 -14.5288
v 20.245318 0.412562 -14.5288
v 25.475896 -1.454239 -14.5288
v 25.508451 -2.367949 -14.5288
v 20.810622 0.075675 -14.5288
v 20.238544 -0.357084 -14.5288
v 20.834639 -0.126788 -14.5288
v 20.874503 -0.326736 -14.5288
v 20.417169 -1.105746 -14.5288
v 21.024641 -0.916832 -14.5288
v 20.770696 -1.789426 -14.5288
v 21.310904 -1.454239 -14.5288
v 21.716843 -1.908076 -14.5288
v 21.278349 -2.367949 -14.5288
v 22.219127 -2.252262 -14.5288
v 21.910296 -2.807317 -14.5288
v 26.349706 1.157963 -14.5288
v 25.9842 0.2794 -14.5288
v 22.788894 -2.467017 -14.5288
v 22.629399 -3.081709 -14.5288
v 26.541482 0.412562 -14.5288
v 25.976178 0.075675 -14.5288
v 23.3934 -2.54 -14.5288
v 23.3934 -3.175 -14.5288
v 23.997906 -2.467017 -14.5288
v 25.952161 -0.126788 -14.5288
v -20.8026 6.35 -13.0048
v -20.8026 4.2672 -13.0048
v -20.8026 0.2794 -13.0048
v -25.9842 6.35 -13.0048
v -25.9842 4.2672 -13.0048
v 25.9842 6.35 -13.0048
v 25.9842 4.2672 -13.0048
v 20.874503 -0.326736 -13.0048
v 20.834639 -0.126788 -13.0048
v 15.3289 -4.826 -13.0048
v -25.9842 0.2794 -13.0048
v 21.024641 -0.916832 -13.0048
v 21.310904 -1.454239 -13.0048
v -25.976178 0.075675 -13.0048
v 21.716843 -1.908076 -13.0048
v 15.3289 -5.588 -13.0048
v 22.219127 -2.252262 -13.0048
v 22.788894 -2.467017 -13.0048
v 25.9842 0.2794 -13.0048
v -25.912297 -0.326736 -13.0048
v -25.952161 -0.126788 -13.0048
v -24.567673 -2.252262 -13.0048
v -25.069957 -1.908076 -13.0048
v -25.475896 -1.454239 -13.0048
v -25.762159 -0.916832 -13.0048
v 25.976178 0.075675 -13.0048
v -23.997906 -2.467017 -13.0048
v -23.3934 -2.54 -13.0048
v 25.912297 -0.326736 -13.0048
v 25.762159 -0.916832 -13.0048
v 25.475896 -1.454239 -13.0048
v 25.069957 -1.908076 -13.0048
v 24.567673 -2.252262 -13.0048
v 23.997906 -2.467017 -13.0048
v -22.788894 -2.467017 -13.0048
v 23.3934 -2.54 -13.0048
v 25.952161 -0.126788 -13.0048
v -15.3289 -4.826 -13.0048
v -20.874503 -0.326736 -13.0048
v -21.024641 -0.916832 -13.0048
v -21.310904 -1.454239 -13.0048
v -21.716843 -1.908076 -13.0048
v -20.810622 0.075675 -13.0048
v -20.834639 -0.126788 -13.0048
v -15.3289 -5.588 -13.0048
v -22.219127 -2.252262 -13.0048
v 20.810622 0.075675 -13.0048
v 14.097 -7.112 -13.0048
v -14.097 -6.731 -13.0048
v -14.097 -7.112 -13.0048
v 14.097 -6.731 -13.0048
v -15.3289 -5.588 -10.0203
v -15.3289 -4.826 -10.0203
v 15.3289 -4.826 -10.0203
v 15.3289 -5.588 -10.0203
v -14.097 -7.874 -10.0203
v -14.097 -6.731 -10.0203
v 14.097 -6.731 -10.0203
v 14.097 -7.874 -10.0203
v -14.097 -7.874 -13.0048
v -15.3797 -7.874 -13.0048
v -15.3797 -7.874 -24.1935
v -21.85203 -7.874 -19.533686
v -21.8059 -7.874 -19.9136
v -21.85203 -7.874 -20.293514
v -21.987739 -7.874 -20.651348
v -22.205139 -7.874 -20.966307
v -24.295203 -7.874 -18.607113
v -24.581661 -7.874 -18.860893
v -22.491597 -7.874 -21.220087
v -22.830465 -7.874 -21.397938
v -24.799061 -7.874 -19.175852
v -23.956335 -7.874 -18.429262
v -13.2715 -7.874 -25.4
v -13.2715 -7.874 -24.1935
v -24.93477 -7.874 -19.533686
v -23.584752 -7.874 -18.337675
v -23.202048 -7.874 -18.337675
v -22.830465 -7.874 -18.429262
v -22.491597 -7.874 -18.607113
v -22.205139 -7.874 -18.860893
v -21.987739 -7.874 -19.175852
v -24.9809 -7.874 -19.9136
v -23.956335 -7.874 -21.397938
v -24.295203 -7.874 -21.220087
v -24.581661 -7.874 -20.966307
v -24.799061 -7.874 -20.651348
v -24.93477 -7.874 -20.293514
v -23.584752 -7.874 -21.489525
v -23.202048 -7.874 -21.489525
v 24.799061 -7.874 -20.651348
v 24.581661 -7.874 -20.966307
v 24.295203 -7.874 -21.220087
v 23.956335 -7.874 -21.397938
v 23.584752 -7.874 -21.489525
v 23.202048 -7.874 -21.489525
v 22.830465 -7.874 -21.397938
v 15.3797 -7.874 -24.1935
v 13.2715 -7.874 -25.4
v 24.9809 -7.874 -19.9136
v 15.3797 -7.874 -13.0048
v 14.097 -7.874 -13.0048
v 24.93477 -7.874 -19.533686
v 13.2715 -7.874 -24.1935
v 22.491597 -7.874 -18.607113
v 22.205139 -7.874 -18.860893
v 21.987739 -7.874 -19.175852
v 22.830465 -7.874 -18.429262
v 21.85203 -7.874 -19.533686
v 23.202048 -7.874 -18.337675
v 21.8059 -7.874 -19.9136
v 23.584752 -7.874 -18.337675
v 21.85203 -7.874 -20.293514
v 23.956335 -7.874 -18.429262
v 21.987739 -7.874 -20.651348
v 24.295203 -7.874 -18.607113
v 22.205139 -7.874 -20.966307
v 24.581661 -7.874 -18.860893
v 22.491597 -7.874 -21.220087
v 24.799061 -7.874 -19.175852
v 24.93477 -7.874 -20.293514
v -24.9809 -4.826 -19.9136
v -24.93477 -4.826 -19.533686
v -24.799061 -4.826 -19.175852
v -24.581661 -4.826 -18.860893
v -24.295203 -4.826 -18.607113
v -23.956335 -4.826 -18.429262
v -23.584752 -4.826 -18.337675
v -23.202048 -4.826 -18.337675
v -22.830465 -4.826 -18.429262
v -22.491597 -4.826 -18.607113
v -22.205139 -4.826 -18.860893
v -21.987739 -4.826 -19.175852
v -21.85203 -4.826 -19.533686
v -21.8059 -4.826 -19.9136
v -21.6154 -4.826 -22.2758
v -22.491597 -4.826 -21.220087
v -22.205139 -4.826 -20.966307
v -21.987739 -4.826 -20.651348
v -22.830465 -4.826 -21.397938
v -21.85203 -4.826 -20.293514
v -23.202048 -4.826 -21.489525
v -25.1714 -4.826 -22.2758
v -23.584752 -4.826 -21.489525
v -23.956335 -4.826 -21.397938
v -24.295203 -4.826 -21.220087
v -24.581661 -4.826 -20.966307
v -21.6154 -4.826 -17.7038
v -24.799061 -4.826 -20.651348
v -24.93477 -4.826 -20.293514
v -25.1714 -4.826 -17.7038
v 25.1714 -4.826 -22.2758
v 24.295203 -4.826 -21.220087
v 24.581661 -4.826 -20.966307
v 24.799061 -4.826 -20.651348
v 23.956335 -4.826 -21.397938
v 24.93477 -4.826 -20.293514
v 23.584752 -4.826 -21.489525
v 24.9809 -4.826 -19.9136
v 23.202048 -4.826 -21.489525
v 21.6154 -4.826 -22.2758
v 22.830465 -4.826 -21.397938
v 22.491597 -4.826 -21.220087
v 22.205139 -4.826 -20.966307
v 24.295203 -4.826 -18.607113
v 25.1714 -4.826 -17.7038
v 24.581661 -4.826 -18.860893
v 24.799061 -4.826 -19.175852
v 24.93477 -4.826 -19.533686
v 21.987739 -4.826 -20.651348
v 23.956335 -4.826 -18.429262
v 21.85203 -4.826 -20.293514
v 23.584752 -4.826 -18.337675
v 23.202048 -4.826 -18.337675
v 21.85203 -4.826 -19.533686
v 21.6154 -4.826 -17.7038
v 21.987739 -4.826 -19.175852
v 22.205139 -4.826 -18.860893
v 22.491597 -4.826 -18.607113
v 22.830465 -4.826 -18.429262
v 21.8059 -4.826 -19.9136
v -21.6154 -4.5212 -21.529196
v -21.6154 -4.650722 -21.689924
v -21.6154 -4.5212 -18.496915
v -21.6154 -4.687091 -18.260322
v -21.6154 -4.746865 -21.872588
v -21.6154 -4.790748 -17.990598
v -21.6154 -4.806029 -22.070348
v -25.1714 -4.806029 -22.070348
v -25.1714 -4.746865 -21.872588
v -25.1714 -4.650722 -21.689924
v -25.1714 -4.5212 -21.529196
v -21.6154 -4.391065 -21.41626
v -25.1714 -4.391065 -21.41626
v -25.1714 -4.244445 -21.325748
v -21.6154 -4.244445 -21.325748
v -21.6154 -4.085167 -21.260021
v -25.1714 -4.085167 -21.260021
v -25.1714 -4.5212 -18.496915
v -25.1714 -4.687091 -18.260322
v -25.1714 -4.790748 -17.990598
v -25.1714 -4.242972 -18.724098
v -21.6154 -4.242972 -18.724098
v -21.6154 -4.343254 -18.65793
v -25.1714 -4.343254 -18.65793
v -25.1714 -4.436316 -18.581941
v -21.6154 -4.436316 -18.581941
v -21.6154 -4.374855 -21.826787
v -21.6154 -4.454945 -21.965023
v -21.6154 -4.504452 -22.116919
v -21.6154 -4.5212 -22.2758
v -21.6154 -4.267703 -21.708289
v -21.6154 -4.138198 -21.614737
v -21.6154 -3.992033 -21.550243
v -21.6154 -3.782109 -21.456897
v -21.6154 -3.933711 -21.192465
v -21.6154 -3.597039 -21.32077
v -21.6154 -3.800458 -21.093743
v -21.6154 -3.445406 -21.148175
v -21.6154 -3.691718 -20.968531
v -21.6154 -3.334242 -20.947118
v -21.6154 -3.612642 -20.822759
v -21.6154 -3.268704 -20.726922
v -21.6154 -3.566976 -20.663331
v -21.6154 -3.25183 -20.4978
v -21.6154 -3.556883 -20.4978
v -21.6154 -3.81 -19.4818
v -21.6154 -3.5052 -19.4818
v -21.6154 -3.828894 -19.300479
v -21.6154 -3.530643 -19.237639
v -21.6154 -3.884765 -19.12695
v -21.6154 -3.605877 -19.003969
v -21.6154 -3.975213 -18.968667
v -21.6154 -4.23485 -18.353168
v -21.6154 -4.355987 -18.216933
v -21.6154 -4.088228 -18.461502
v -21.6154 -3.727671 -18.79083
v -21.6154 -4.09635 -18.832432
v -21.6154 -4.446435 -18.05865
v -21.6154 -3.890791 -18.60738
v -21.6154 -4.502306 -17.885121
v -21.6154 -4.5212 -17.7038
v -25.1714 -4.5212 -22.2758
v -27.8384 -4.5212 -24.4348
v -27.8384 -4.5212 -15.9766
v -25.1714 -4.5212 -17.7038
v -27.8384 -4.090849 -15.082967
v -27.8384 -4.271833 -15.263951
v -27.8384 -3.874129 -14.946793
v -27.8384 -4.408007 -15.480671
v -27.8384 -3.632541 -14.862257
v -27.8384 -4.492543 -15.722259
v -27.8384 -3.3782 -14.8336
v -27.8384 5.08 -14.8336
v -27.8384 -4.826 -24.4348
v -26.006374 -1.803606 -14.8336
v -25.498814 -2.376522 -14.8336
v -22.633573 3.08274 -14.8336
v -23.3934 3.175 -14.8336
v -21.917904 2.811323 -14.8336
v -24.868896 -2.811323 -14.8336
v -21.287986 2.376522 -14.8336
v -20.780426 1.803606 -14.8336
v -20.424723 1.125871 -14.8336
v -20.241549 0.382704 -14.8336
v -26.362077 -1.125871 -14.8336
v -23.3934 -3.175 -14.8336
v -24.153227 -3.08274 -14.8336
v -26.545251 -0.382704 -14.8336
v -26.545251 0.382704 -14.8336
v -26.362077 1.125871 -14.8336
v -26.006374 1.803606 -14.8336
v -25.498814 2.376522 -14.8336
v -21.287986 -2.376522 -14.8336
v -20.780426 -1.803606 -14.8336
v -21.917904 -2.811323 -14.8336
v -22.633573 -3.08274 -14.8336
v -24.868896 2.811323 -14.8336
v -20.424723 -1.125871 -14.8336
v -24.153227 3.08274 -14.8336
v -20.241549 -0.382704 -14.8336
v -21.952049 -2.746266 -14.857011
v -22.651156 -3.011402 -14.857011
v -21.961159 -2.728907 -14.874196
v -22.645723 3.033443 -14.844191
v -21.929955 2.788361 -14.836276
v -21.941499 2.766366 -14.844191
v -22.639779 3.057561 -14.836276
v -22.645723 -3.033443 -14.844191
v -23.3934 -3.101527 -14.857011
v -23.3934 -3.124227 -14.844191
v -21.961159 2.728907 -14.874196
v -21.336707 2.321526 -14.857011
v -21.349707 2.306852 -14.874196
v -21.941499 -2.766366 -14.844191
v -21.952049 2.746266 -14.857011
v -22.639779 -3.057561 -14.836276
v -23.3934 -3.149067 -14.836276
v -21.929955 -2.788361 -14.836276
v -21.321654 2.338518 -14.844191
v -21.305182 2.357111 -14.836276
v -20.840893 1.761868 -14.857011
v -20.857027 1.750732 -14.874196
v -20.822211 1.774763 -14.844191
v -20.801768 1.788874 -14.836276
v -20.493422 1.099817 -14.857011
v -20.511752 1.092865 -14.874196
v -20.472197 1.107866 -14.844191
v -20.448971 1.116675 -14.836276
v -20.314487 0.373848 -14.857011
v -20.333948 0.371485 -14.874196
v -20.291952 0.376584 -14.844191
v -20.267293 0.379578 -14.836276
v -20.314487 -0.373848 -14.857011
v -20.333948 -0.371485 -14.874196
v -20.291952 -0.376584 -14.844191
v -20.267293 -0.379578 -14.836276
v -20.493422 -1.099817 -14.857011
v -20.511752 -1.092865 -14.874196
v -20.472197 -1.107866 -14.844191
v -20.448971 -1.116675 -14.836276
v -20.840893 -1.761868 -14.857011
v -20.857027 -1.750732 -14.874196
v -20.822211 -1.774763 -14.844191
v -20.801768 -1.788874 -14.836276
v -21.336707 -2.321526 -14.857011
v -21.349707 -2.306852 -14.874196
v -21.321654 -2.338518 -14.844191
v -23.3934 3.101527 -14.857011
v -22.651156 3.011402 -14.857011
v -23.3934 3.081923 -14.874196
v -21.305182 -2.357111 -14.836276
v -22.655848 2.992368 -14.874196
v -23.3934 3.124227 -14.844191
v -23.3934 3.149067 -14.836276
v -22.655848 -2.992368 -14.874196
v -23.3934 -3.081923 -14.874196
v -24.147021 -3.057561 -14.836276
v -24.856845 -2.788361 -14.836276
v -24.141077 -3.033443 -14.844191
v -24.141077 3.033443 -14.844191
v -24.845301 2.766366 -14.844191
v -24.834751 2.746266 -14.857011
v -24.825641 -2.728907 -14.874196
v -25.450093 -2.321526 -14.857011
v -25.437093 -2.306852 -14.874196
v -24.135644 3.011402 -14.857011
v -24.834751 -2.746266 -14.857011
v -24.147021 3.057561 -14.836276
v -24.856845 2.788361 -14.836276
v -25.465146 -2.338518 -14.844191
v -24.845301 -2.766366 -14.844191
v -25.481618 -2.357111 -14.836276
v -25.945907 -1.761868 -14.857011
v -25.929773 -1.750732 -14.874196
v -25.964589 -1.774763 -14.844191
v -25.985032 -1.788874 -14.836276
v -26.293378 -1.099817 -14.857011
v -26.275048 -1.092865 -14.874196
v -26.314603 -1.107866 -14.844191
v -26.337829 -1.116675 -14.836276
v -26.472313 -0.373848 -14.857011
v -26.452852 -0.371485 -14.874196
v -26.494848 -0.376584 -14.844191
v -26.519507 -0.379578 -14.836276
v -26.472313 0.373848 -14.857011
v -26.452852 0.371485 -14.874196
v -26.494848 0.376584 -14.844191
v -26.519507 0.379578 -14.836276
v -26.293378 1.099817 -14.857011
v -26.275048 1.092865 -14.874196
v -26.314603 1.107866 -14.844191
v -26.337829 1.116675 -14.836276
v -25.945907 1.761868 -14.857011
v -25.929773 1.750732 -14.874196
v -25.964589 1.774763 -14.844191
v -25.985032 1.788874 -14.836276
v -24.130952 2.992368 -14.874196
v -25.450093 2.321526 -14.857011
v -25.437093 2.306852 -14.874196
v -25.465146 2.338518 -14.844191
v -24.135644 -3.011402 -14.857011
v -25.481618 2.357111 -14.836276
v -24.130952 -2.992368 -14.874196
v -24.825641 2.728907 -14.874196
v -23.3934 2.765926 -15.2146
v -24.055329 2.685553 -15.2146
v -24.67879 2.449105 -15.2146
v -25.227548 2.070325 -15.2146
v -25.669712 1.571225 -15.2146
v -25.979585 0.980811 -15.2146
v -26.139159 0.333395 -15.2146
v -26.139159 -0.333395 -15.2146
v -25.979585 -0.980811 -15.2146
v -25.669712 -1.571225 -15.2146
v -25.227548 -2.070325 -15.2146
v -24.67879 -2.449105 -15.2146
v -24.055329 -2.685553 -15.2146
v -23.3934 -2.765926 -15.2146
v -22.731471 -2.685553 -15.2146
v -22.10801 -2.449105 -15.2146
v -21.559252 -2.070325 -15.2146
v -21.117088 -1.571225 -15.2146
v -20.807215 -0.980811 -15.2146
v -20.647641 -0.333395 -15.2146
v -20.647641 0.333395 -15.2146
v -20.807215 0.980811 -15.2146
v -21.117088 1.571225 -15.2146
v -21.559252 2.070325 -15.2146
v -22.10801 2.449105 -15.2146
v -22.731471 2.685553 -15.2146
v -23.3934 2.54254 -15.007231
v -22.78493 2.468658 -15.007231
v -22.211823 2.251307 -15.007231
v -21.707384 1.903119 -15.007231
v -21.300931 1.444327 -15.007231
v -21.016084 0.901597 -15.007231
v -20.869398 0.306469 -15.007231
v -20.869398 -0.306469 -15.007231
v -21.016084 -0.901597 -15.007231
v -21.300931 -1.444327 -15.007231
v -21.707384 -1.903119 -15.007231
v -22.211823 -2.251307 -15.007231
v -22.78493 -2.468658 -15.007231
v -23.3934 -2.54254 -15.007231
v -24.00187 -2.468658 -15.007231
v -24.574977 -2.251307 -15.007231
v -25.079416 -1.903119 -15.007231
v -25.485869 -1.444327 -15.007231
v -25.770716 -0.901597 -15.007231
v -25.917402 -0.306469 -15.007231
v -25.917402 0.306469 -15.007231
v -25.770716 0.901597 -15.007231
v -25.485869 1.444327 -15.007231
v -25.079416 1.903119 -15.007231
v -24.574977 2.251307 -15.007231
v -24.00187 2.468658 -15.007231
v -23.3934 2.858537 -14.666827
v -24.077493 2.775473 -14.666827
v -24.721828 2.531109 -14.666827
v -25.288961 2.139646 -14.666827
v -25.74593 1.623834 -14.666827
v -26.066179 1.013651 -14.666827
v -26.231095 0.344559 -14.666827
v -26.231095 -0.344559 -14.666827
v -26.066179 -1.013651 -14.666827
v -25.74593 -1.623834 -14.666827
v -25.288961 -2.139646 -14.666827
v -24.721828 -2.531109 -14.666827
v -24.077493 -2.775473 -14.666827
v -23.3934 -2.858537 -14.666827
v -22.709307 -2.775473 -14.666827
v -22.064972 -2.531109 -14.666827
v -21.497839 -2.139646 -14.666827
v -21.04087 -1.623834 -14.666827
v -20.720621 -1.013651 -14.666827
v -20.555705 -0.344559 -14.666827
v -20.555705 0.344559 -14.666827
v -20.720621 1.013651 -14.666827
v -21.04087 1.623834 -14.666827
v -21.497839 2.139646 -14.666827
v -22.064972 2.531109 -14.666827
v -22.709307 2.775473 -14.666827
v -22.663808 2.999368 -14.537898
v -23.3934 3.086829 -14.537898
v -22.689511 -2.83924 -14.608397
v -23.3934 3.002373 -14.564808
v -22.68377 2.917305 -14.564808
v -23.3934 -2.925192 -14.608397
v -22.014353 2.666922 -14.564808
v -22.702012 2.842311 -14.608397
v -22.026986 -2.586438 -14.608397
v -22.049804 2.598364 -14.608397
v -21.951482 -2.729356 -14.537898
v -21.337085 -2.30219 -14.537898
v -21.393346 -2.239202 -14.564808
v -21.990933 -2.654681 -14.564808
v -21.473733 2.207175 -14.608397
v -22.670938 -2.914154 -14.564808
v -23.3934 -3.002373 -14.564808
v -21.975561 2.741941 -14.537898
v -22.650616 -2.996128 -14.537898
v -23.3934 -3.086829 -14.537898
v -21.423082 2.265412 -14.564808
v -21.006444 1.690913 -14.608397
v -21.367658 2.329137 -14.537898
v -20.943464 1.735527 -14.564808
v -20.669695 1.066855 -14.608397
v -20.874548 1.784347 -14.537898
v -20.59783 1.095004 -14.564808
v -20.493009 0.380101 -14.608397
v -20.519192 1.125806 -14.537898
v -20.416482 0.39013 -14.564808
v -20.486767 -0.328989 -14.608397
v -20.332742 0.401105 -14.537898
v -20.410076 -0.337669 -14.564808
v -20.651338 -1.018746 -14.608397
v -20.326156 -0.347168 -14.537898
v -20.578989 -1.045625 -14.564808
v -20.977049 -1.648635 -14.608397
v -20.49982 -1.075038 -14.537898
v -20.913294 -1.692134 -14.564808
v -21.444761 -2.181639 -14.608397
v -20.843529 -1.739733 -14.537898
v -23.3934 2.925192 -14.608397
v -24.093444 2.840191 -14.608397
v -24.752804 2.590129 -14.608397
v -24.788672 -2.658469 -14.564808
v -24.111915 -2.91513 -14.564808
v -24.093444 -2.840191 -14.608397
v -24.827921 2.733251 -14.537898
v -25.384342 2.247308 -14.564808
v -24.788672 2.658469 -14.564808
v -25.440346 2.310525 -14.537898
v -25.333161 -2.189537 -14.608397
v -24.752804 -2.590129 -14.608397
v -24.111915 2.91513 -14.564808
v -24.827921 -2.733251 -14.537898
v -24.132126 -2.997131 -14.537898
v -24.132126 2.997131 -14.537898
v -25.384342 -2.247308 -14.564808
v -25.800786 -1.661698 -14.608397
v -25.440346 -2.310525 -14.537898
v -25.864305 -1.705542 -14.564808
v -26.128502 -1.037287 -14.608397
v -25.93381 -1.753519 -14.537898
v -26.200668 -1.064656 -14.564808
v -26.297264 -0.352593 -14.608397
v -26.279635 -1.094605 -14.537898
v -26.373882 -0.361896 -14.564808
v -26.297264 0.352593 -14.608397
v -26.457722 -0.372076 -14.537898
v -26.373882 0.361896 -14.564808
v -26.128502 1.037287 -14.608397
v -26.457722 0.372076 -14.537898
v -26.200668 1.064656 -14.564808
v -25.800786 1.661698 -14.608397
v -26.279635 1.094605 -14.537898
v -25.864305 1.705542 -14.564808
v -25.333161 2.189537 -14.608397
v -25.93381 1.753519 -14.537898
v -25.1714 -4.374855 -21.826787
v -25.1714 -4.454945 -21.965023
v -25.1714 -4.504452 -22.116919
v -25.1714 -4.267703 -21.708289
v -25.1714 -4.138198 -21.614737
v -25.1714 -3.992033 -21.550243
v -25.1714 -3.782109 -21.456897
v -25.1714 -3.933711 -21.192465
v -25.1714 -3.597039 -21.32077
v -25.1714 -3.800458 -21.093743
v -25.1714 -3.445406 -21.148175
v -25.1714 -3.691718 -20.968531
v -25.1714 -3.334242 -20.947118
v -25.1714 -3.612642 -20.822759
v -25.1714 -3.268704 -20.726922
v -25.1714 -3.566976 -20.663331
v -25.1714 -3.25183 -20.4978
v -25.1714 -3.556883 -20.4978
v -25.1714 -3.5052 -19.4818
v -25.1714 -3.81 -19.4818
v -25.1714 -3.828894 -19.300479
v -25.1714 -3.530643 -19.237639
v -25.1714 -3.884765 -19.12695
v -25.1714 -3.605877 -19.003969
v -25.1714 -3.975213 -18.968667
v -25.1714 -4.23485 -18.353168
v -25.1714 -4.355987 -18.216933
v -25.1714 -4.088228 -18.461502
v -25.1714 -3.727671 -18.79083
v -25.1714 -4.09635 -18.832432
v -25.1714 -4.446435 -18.05865
v -25.1714 -3.890791 -18.60738
v -25.1714 -4.502306 -17.885121
v -22.435072 -3.254076 -20.612742
v -22.369493 -3.25183 -20.4978
v -22.518891 -3.268497 -20.725791
v -22.705477 -3.316733 -20.902604
v -24.296383 -3.262683 -20.690565
v -24.417307 -3.25183 -20.4978
v -22.938059 -3.377614 -21.038186
v -24.120412 -3.305936 -20.871788
v -23.180364 -3.42155 -21.112771
v -23.415164 -3.434652 -21.132593
v -23.894046 -3.366733 -21.017322
v -23.651116 -3.415553 -21.103367
v -22.369493 -3.556883 -20.4978
v -22.467351 -3.566376 -20.659786
v -22.609506 -3.612186 -20.821641
v -22.805447 -3.692727 -20.969984
v -23.035037 -3.781081 -21.075168
v -23.240631 -3.833433 -21.122545
v -23.420769 -3.84574 -21.132472
v -23.605859 -3.821938 -21.112881
v -23.822473 -3.756144 -21.049208
v -24.047663 -3.6649 -20.927024
v -24.226711 -3.594012 -20.772131
v -24.337182 -3.562604 -20.634567
v -24.417307 -3.556883 -20.4978
v -23.353227 -4.080256 -18.847506
v -23.15925 -4.056665 -18.87104
v -23.5425 -4.070961 -18.856567
v -22.943991 -3.997601 -18.938857
v -22.726552 -3.916937 -19.061488
v -23.748066 -4.027116 -18.903218
v -22.550012 -3.850388 -19.218343
v -23.970141 -3.951773 -19.002977
v -22.446497 -3.819989 -19.349626
v -24.167535 -3.875452 -19.148869
v -22.369493 -3.81 -19.4818
v -24.314947 -3.826227 -19.313634
v -24.417307 -3.81 -19.4818
v -24.417307 -3.5052 -19.4818
v -24.350046 -3.511046 -19.364279
v -24.264421 -3.52817 -19.249684
v -24.07636 -3.577892 -19.073277
v -23.846324 -3.636214 -18.940367
v -23.606354 -3.677399 -18.866813
v -23.371481 -3.6897 -18.84701
v -23.13577 -3.671746 -18.876213
v -22.895592 -3.62591 -18.960899
v -22.671164 -3.567113 -19.103897
v -22.493244 -3.521598 -19.285408
v -22.369493 -3.5052 -19.4818
v 21.6154 -4.5212 -21.529196
v 21.6154 -4.5212 -18.496915
v 21.6154 -4.650722 -21.689924
v 21.6154 -4.687091 -18.260322
v 21.6154 -4.746865 -21.872588
v 21.6154 -4.790748 -17.990598
v 21.6154 -4.806029 -22.070348
v 21.6154 -4.242972 -18.724098
v 25.1714 -4.242972 -18.724098
v 25.1714 -4.343254 -18.65793
v 21.6154 -4.343254 -18.65793
v 21.6154 -4.436316 -18.581941
v 25.1714 -4.436316 -18.581941
v 25.1714 -4.5212 -18.496915
v 25.1714 -4.687091 -18.260322
v 25.1714 -4.790748 -17.990598
v 25.1714 -4.650722 -21.689924
v 25.1714 -4.5212 -21.529196
v 25.1714 -4.746865 -21.872588
v 25.1714 -4.806029 -22.070348
v 25.1714 -4.391065 -21.41626
v 21.6154 -4.391065 -21.41626
v 21.6154 -4.244445 -21.325748
v 25.1714 -4.244445 -21.325748
v 25.1714 -4.085167 -21.260021
v 21.6154 -4.085167 -21.260021
v 21.6154 -4.374855 -21.826787
v 21.6154 -4.454945 -21.965023
v 21.6154 -4.504452 -22.116919
v 21.6154 -4.5212 -22.2758
v 21.6154 -4.267703 -21.708289
v 21.6154 -4.138198 -21.614737
v 21.6154 -3.992033 -21.550243
v 21.6154 -3.782109 -21.456897
v 21.6154 -3.933711 -21.192465
v 21.6154 -3.597039 -21.32077
v 21.6154 -3.800458 -21.093743
v 21.6154 -3.445406 -21.148175
v 21.6154 -3.691718 -20.968531
v 21.6154 -3.334242 -20.947118
v 21.6154 -3.612642 -20.822759
v 21.6154 -3.268704 -20.726922
v 21.6154 -3.566976 -20.663331
v 21.6154 -3.25183 -20.4978
v 21.6154 -3.556883 -20.4978
v 21.6154 -3.5052 -19.4818
v 21.6154 -3.81 -19.4818
v 21.6154 -3.828894 -19.300479
v 21.6154 -3.530643 -19.237639
v 21.6154 -3.884765 -19.12695
v 21.6154 -3.605877 -19.003969
v 21.6154 -3.975213 -18.968667
v 21.6154 -4.23485 -18.353168
v 21.6154 -4.355987 -18.216933
v 21.6154 -4.088228 -18.461502
v 21.6154 -3.727671 -18.79083
v 21.6154 -4.09635 -18.832432
v 21.6154 -4.446435 -18.05865
v 21.6154 -3.890791 -18.60738
v 21.6154 -4.502306 -17.885121
v 21.6154 -4.5212 -17.7038
v 25.1714 -4.5212 -22.2758
v 27.8384 -4.5212 -15.9766
v 25.1714 -4.5212 -17.7038
v 27.8384 -4.090849 -15.082967
v 27.8384 -4.006377 -14.672177
v 27.8384 -4.280889 -14.844664
v 27.8384 -4.510136 -15.073911
v 27.8384 -4.271833 -15.263951
v 27.8384 -4.682623 -15.348423
v 27.8384 -3.874129 -14.946793
v 27.8384 -3.700366 -14.565099
v 27.8384 -4.408007 -15.480671
v 27.8384 -4.789701 -15.654434
v 27.8384 -3.632541 -14.862257
v 27.8384 -4.492543 -15.722259
v 27.8384 -3.3782 -14.8336
v 20.780426 -1.803606 -14.8336
v 21.287986 -2.376522 -14.8336
v 24.153227 3.08274 -14.8336
v 23.3934 3.175 -14.8336
v 24.868896 2.811323 -14.8336
v 21.917904 -2.811323 -14.8336
v 25.498814 2.376522 -14.8336
v 26.006374 1.803606 -14.8336
v 26.362077 1.125871 -14.8336
v 26.545251 0.382704 -14.8336
v 20.424723 -1.125871 -14.8336
v 23.3934 -3.175 -14.8336
v 22.633573 -3.08274 -14.8336
v 20.241549 -0.382704 -14.8336
v 20.241549 0.382704 -14.8336
v 20.424723 1.125871 -14.8336
v 20.780426 1.803606 -14.8336
v 21.287986 2.376522 -14.8336
v 25.498814 -2.376522 -14.8336
v 26.006374 -1.803606 -14.8336
v 24.868896 -2.811323 -14.8336
v 24.153227 -3.08274 -14.8336
v 21.917904 2.811323 -14.8336
v 26.362077 -1.125871 -14.8336
v 22.633573 3.08274 -14.8336
v 26.545251 -0.382704 -14.8336
v 23.3934 3.149067 -14.836276
v 24.141077 3.033443 -14.844191
v 23.3934 3.124227 -14.844191
v 24.130952 -2.992368 -14.874196
v 24.834751 -2.746266 -14.857011
v 24.135644 -3.011402 -14.857011
v 24.141077 -3.033443 -14.844191
v 24.147021 3.057561 -14.836276
v 25.481618 -2.357111 -14.836276
v 24.845301 2.766366 -14.844191
v 24.856845 2.788361 -14.836276
v 24.135644 3.011402 -14.857011
v 23.3934 3.101527 -14.857011
v 23.3934 3.081923 -14.874196
v 24.856845 -2.788361 -14.836276
v 24.130952 2.992368 -14.874196
v 24.825641 2.728907 -14.874196
v 24.845301 -2.766366 -14.844191
v 25.465146 -2.338518 -14.844191
v 24.834751 2.746266 -14.857011
v 25.437093 -2.306852 -14.874196
v 25.450093 -2.321526 -14.857011
v 24.825641 -2.728907 -14.874196
v 25.985032 -1.788874 -14.836276
v 25.964589 -1.774763 -14.844191
v 25.945907 -1.761868 -14.857011
v 25.929773 -1.750732 -14.874196
v 26.337829 -1.116675 -14.836276
v 26.314603 -1.107866 -14.844191
v 26.293378 -1.099817 -14.857011
v 26.275048 -1.092865 -14.874196
v 26.519507 -0.379578 -14.836276
v 26.494848 -0.376584 -14.844191
v 26.472313 -0.373848 -14.857011
v 26.452852 -0.371485 -14.874196
v 26.519507 0.379578 -14.836276
v 26.494848 0.376584 -14.844191
v 26.472313 0.373848 -14.857011
v 26.452852 0.371485 -14.874196
v 26.337829 1.116675 -14.836276
v 26.314603 1.107866 -14.844191
v 26.275048 1.092865 -14.874196
v 26.293378 1.099817 -14.857011
v 25.985032 1.788874 -14.836276
v 25.964589 1.774763 -14.844191
v 25.929773 1.750732 -14.874196
v 25.945907 1.761868 -14.857011
v 25.481618 2.357111 -14.836276
v 25.465146 2.338518 -14.844191
v 24.147021 -3.057561 -14.836276
v 23.3934 -3.149067 -14.836276
v 25.437093 2.306852 -14.874196
v 25.450093 2.321526 -14.857011
v 23.3934 -3.124227 -14.844191
v 23.3934 -3.081923 -14.874196
v 23.3934 -3.101527 -14.857011
v 21.929955 -2.788361 -14.836276
v 22.639779 -3.057561 -14.836276
v 21.961159 2.728907 -14.874196
v 21.952049 2.746266 -14.857011
v 22.655848 2.992368 -14.874196
v 22.645723 3.033443 -14.844191
v 21.941499 2.766366 -14.844191
v 22.651156 3.011402 -14.857011
v 22.645723 -3.033443 -14.844191
v 21.941499 -2.766366 -14.844191
v 21.305182 2.357111 -14.836276
v 22.651156 -3.011402 -14.857011
v 21.929955 2.788361 -14.836276
v 21.321654 2.338518 -14.844191
v 22.655848 -2.992368 -14.874196
v 21.961159 -2.728907 -14.874196
v 21.952049 -2.746266 -14.857011
v 21.349707 2.306852 -14.874196
v 21.336707 2.321526 -14.857011
v 20.801768 1.788874 -14.836276
v 20.822211 1.774763 -14.844191
v 20.840893 1.761868 -14.857011
v 20.857027 1.750732 -14.874196
v 20.448971 1.116675 -14.836276
v 20.472197 1.107866 -14.844191
v 20.493422 1.099817 -14.857011
v 20.511752 1.092865 -14.874196
v 20.267293 0.379578 -14.836276
v 20.291952 0.376584 -14.844191
v 20.314487 0.373848 -14.857011
v 20.333948 0.371485 -14.874196
v 20.267293 -0.379578 -14.836276
v 20.291952 -0.376584 -14.844191
v 20.314487 -0.373848 -14.857011
v 20.333948 -0.371485 -14.874196
v 20.448971 -1.116675 -14.836276
v 20.472197 -1.107866 -14.844191
v 20.511752 -1.092865 -14.874196
v 20.493422 -1.099817 -14.857011
v 20.801768 -1.788874 -14.836276
v 20.822211 -1.774763 -14.844191
v 20.857027 -1.750732 -14.874196
v 20.840893 -1.761868 -14.857011
v 21.305182 -2.357111 -14.836276
v 21.321654 -2.338518 -14.844191
v 22.639779 3.057561 -14.836276
v 21.349707 -2.306852 -14.874196
v 21.336707 -2.321526 -14.857011
v 23.3934 2.765926 -15.2146
v 22.731471 2.685553 -15.2146
v 22.10801 2.449105 -15.2146
v 21.559252 2.070325 -15.2146
v 21.117088 1.571225 -15.2146
v 20.807215 0.980811 -15.2146
v 20.647641 0.333395 -15.2146
v 20.647641 -0.333395 -15.2146
v 20.807215 -0.980811 -15.2146
v 21.117088 -1.571225 -15.2146
v 21.559252 -2.070325 -15.2146
v 22.10801 -2.449105 -15.2146
v 22.731471 -2.685553 -15.2146
v 23.3934 -2.765926 -15.2146
v 24.055329 -2.685553 -15.2146
v 24.67879 -2.449105 -15.2146
v 25.227548 -2.070325 -15.2146
v 25.669712 -1.571225 -15.2146
v 25.979585 -0.980811 -15.2146
v 26.139159 -0.333395 -15.2146
v 26.139159 0.333395 -15.2146
v 25.979585 0.980811 -15.2146
v 25.669712 1.571225 -15.2146
v 25.227548 2.070325 -15.2146
v 24.67879 2.449105 -15.2146
v 24.055329 2.685553 -15.2146
v 23.3934 2.54254 -15.007231
v 24.00187 2.468658 -15.007231
v 24.574977 2.251307 -15.007231
v 25.079416 1.903119 -15.007231
v 25.485869 1.444327 -15.007231
v 25.770716 0.901597 -15.007231
v 25.917402 0.306469 -15.007231
v 25.917402 -0.306469 -15.007231
v 25.770716 -0.901597 -15.007231
v 25.485869 -1.444327 -15.007231
v 25.079416 -1.903119 -15.007231
v 24.574977 -2.251307 -15.007231
v 24.00187 -2.468658 -15.007231
v 23.3934 -2.54254 -15.007231
v 22.78493 -2.468658 -15.007231
v 22.211823 -2.251307 -15.007231
v 21.707384 -1.903119 -15.007231
v 21.300931 -1.444327 -15.007231
v 21.016084 -0.901597 -15.007231
v 20.869398 -0.306469 -15.007231
v 20.869398 0.306469 -15.007231
v 21.016084 0.901597 -15.007231
v 21.300931 1.444327 -15.007231
v 21.707384 1.903119 -15.007231
v 22.211823 2.251307 -15.007231
v 22.78493 2.468658 -15.007231
v 23.3934 2.858537 -14.666827
v 22.709307 2.775473 -14.666827
v 22.064972 2.531109 -14.666827
v 21.497839 2.139646 -14.666827
v 21.04087 1.623834 -14.666827
v 20.720621 1.013651 -14.666827
v 20.555705 0.344559 -14.666827
v 20.555705 -0.344559 -14.666827
v 20.720621 -1.013651 -14.666827
v 21.04087 -1.623834 -14.666827
v 21.497839 -2.139646 -14.666827
v 22.064972 -2.531109 -14.666827
v 22.709307 -2.775473 -14.666827
v 23.3934 -2.858537 -14.666827
v 24.077493 -2.775473 -14.666827
v 24.721828 -2.531109 -14.666827
v 25.288961 -2.139646 -14.666827
v 25.74593 -1.623834 -14.666827
v 26.066179 -1.013651 -14.666827
v 26.231095 -0.344559 -14.666827
v 26.231095 0.344559 -14.666827
v 26.066179 1.013651 -14.666827
v 25.74593 1.623834 -14.666827
v 25.288961 2.139646 -14.666827
v 24.721828 2.531109 -14.666827
v 24.077493 2.775473 -14.666827
v 24.788672 2.658469 -14.564808
v 25.384342 2.247308 -14.564808
v 25.440346 2.310525 -14.537898
v 24.093444 -2.840191 -14.608397
v 24.827921 2.733251 -14.537898
v 23.3934 -2.925192 -14.608397
v 23.3934 -3.002373 -14.564808
v 24.111915 -2.91513 -14.564808
v 24.788672 -2.658469 -14.564808
v 24.132126 -2.997131 -14.537898
v 24.132126 2.997131 -14.537898
v 24.827921 -2.733251 -14.537898
v 23.3934 3.086829 -14.537898
v 24.752804 2.590129 -14.608397
v 25.333161 2.189537 -14.608397
v 25.440346 -2.310525 -14.537898
v 24.111915 2.91513 -14.564808
v 24.752804 -2.590129 -14.608397
v 23.3934 3.002373 -14.564808
v 24.093444 2.840191 -14.608397
v 23.3934 2.925192 -14.608397
v 25.384342 -2.247308 -14.564808
v 25.93381 -1.753519 -14.537898
v 25.333161 -2.189537 -14.608397
v 25.864305 -1.705542 -14.564808
v 26.279635 -1.094605 -14.537898
v 25.800786 -1.661698 -14.608397
v 26.200668 -1.064656 -14.564808
v 26.457722 -0.372076 -14.537898
v 26.128502 -1.037287 -14.608397
v 26.373882 -0.361896 -14.564808
v 26.457722 0.372076 -14.537898
v 26.297264 -0.352593 -14.608397
v 26.373882 0.361896 -14.564808
v 26.279635 1.094605 -14.537898
v 26.297264 0.352593 -14.608397
v 26.200668 1.064656 -14.564808
v 25.93381 1.753519 -14.537898
v 26.128502 1.037287 -14.608397
v 25.864305 1.705542 -14.564808
v 25.800786 1.661698 -14.608397
v 23.3934 -3.086829 -14.537898
v 22.026986 -2.586438 -14.608397
v 22.014353 2.666922 -14.564808
v 22.68377 2.917305 -14.564808
v 22.663808 2.999368 -14.537898
v 21.444761 -2.181639 -14.608397
v 21.367658 2.329137 -14.537898
v 21.393346 -2.239202 -14.564808
v 21.990933 -2.654681 -14.564808
v 22.670938 -2.914154 -14.564808
v 21.975561 2.741941 -14.537898
v 21.951482 -2.729356 -14.537898
v 22.049804 2.598364 -14.608397
v 22.650616 -2.996128 -14.537898
v 22.702012 2.842311 -14.608397
v 22.689511 -2.83924 -14.608397
v 21.423082 2.265412 -14.564808
v 20.874548 1.784347 -14.537898
v 21.473733 2.207175 -14.608397
v 20.943464 1.735527 -14.564808
v 20.519192 1.125806 -14.537898
v 21.006444 1.690913 -14.608397
v 20.59783 1.095004 -14.564808
v 20.332742 0.401105 -14.537898
v 20.669695 1.066855 -14.608397
v 20.416482 0.39013 -14.564808
v 20.326156 -0.347168 -14.537898
v 20.493009 0.380101 -14.608397
v 20.410076 -0.337669 -14.564808
v 20.49982 -1.075038 -14.537898
v 20.486767 -0.328989 -14.608397
v 20.578989 -1.045625 -14.564808
v 20.843529 -1.739733 -14.537898
v 20.651338 -1.018746 -14.608397
v 20.913294 -1.692134 -14.564808
v 21.337085 -2.30219 -14.537898
v 20.977049 -1.648635 -14.608397
v 25.1714 -4.088228 -18.461502
v 25.1714 -4.23485 -18.353168
v 25.1714 -4.355987 -18.216933
v 25.1714 -4.446435 -18.05865
v 25.1714 -4.502306 -17.885121
v 25.1714 -3.890791 -18.60738
v 23.415319 -3.6897 -18.84701
v 25.1714 -3.727671 -18.79083
v 23.65103 -3.671746 -18.876213
v 23.891208 -3.62591 -18.960899
v 25.1714 -3.605877 -19.003969
v 24.115636 -3.567113 -19.103897
v 25.1714 -3.530643 -19.237639
v 23.180446 -3.677399 -18.866813
v 22.940476 -3.636214 -18.940367
v 24.293556 -3.521598 -19.285408
v 25.1714 -3.5052 -19.4818
v 22.71044 -3.577892 -19.073277
v 24.417307 -3.5052 -19.4818
v 22.522379 -3.52817 -19.249684
v 22.436754 -3.511046 -19.364279
v 22.369493 -3.5052 -19.4818
v 22.369493 -3.81 -19.4818
v 22.471853 -3.826227 -19.313634
v 22.619265 -3.875452 -19.148869
v 22.816659 -3.951773 -19.002977
v 23.038734 -4.027116 -18.903218
v 23.2443 -4.070961 -18.856567
v 23.433573 -4.080256 -18.847506
v 23.62755 -4.056665 -18.87104
v 23.842809 -3.997601 -18.938857
v 24.060248 -3.916937 -19.061488
v 24.236788 -3.850388 -19.218343
v 24.340303 -3.819989 -19.349626
v 24.417307 -3.81 -19.4818
v 25.1714 -3.81 -19.4818
v 25.1714 -4.09635 -18.832432
v 25.1714 -3.975213 -18.968667
v 25.1714 -3.884765 -19.12695
v 25.1714 -3.828894 -19.300479
v 25.1714 -4.374855 -21.826787
v 25.1714 -4.454945 -21.965023
v 25.1714 -4.504452 -22.116919
v 25.1714 -4.267703 -21.708289
v 25.1714 -4.138198 -21.614737
v 25.1714 -3.992033 -21.550243
v 25.1714 -3.782109 -21.456897
v 25.1714 -3.933711 -21.192465
v 25.1714 -3.597039 -21.32077
v 25.1714 -3.800458 -21.093743
v 25.1714 -3.445406 -21.148175
v 25.1714 -3.691718 -20.968531
v 25.1714 -3.334242 -20.947118
v 25.1714 -3.612642 -20.822759
v 25.1714 -3.268704 -20.726922
v 25.1714 -3.566976 -20.663331
v 25.1714 -3.25183 -20.4978
v 25.1714 -3.556883 -20.4978
v 24.417307 -3.556883 -20.4978
v 24.319449 -3.566376 -20.659786
v 22.449618 -3.562604 -20.634567
v 22.369493 -3.556883 -20.4978
v 24.177294 -3.612186 -20.821641
v 22.560089 -3.594012 -20.772131
v 23.981353 -3.692727 -20.969984
v 22.739137 -3.6649 -20.927024
v 23.751763 -3.781081 -21.075168
v 22.964327 -3.756144 -21.049208
v 23.546169 -3.833433 -21.122545
v 23.366031 -3.84574 -21.132472
v 23.180941 -3.821938 -21.112881
v 24.417307 -3.25183 -20.4978
v 24.351728 -3.254076 -20.612742
v 24.267909 -3.268497 -20.725791
v 24.081323 -3.316733 -20.902604
v 23.848741 -3.377614 -21.038186
v 23.606436 -3.42155 -21.112771
v 23.371636 -3.434652 -21.132593
v 23.135684 -3.415553 -21.103367
v 22.892754 -3.366733 -21.017322
v 22.666388 -3.305936 -20.871788
v 22.490417 -3.262683 -20.690565
v 22.369493 -3.25183 -20.4978
v -13.2715 -7.112 -24.1935
v -13.2715 -7.112 -25.4
v -15.3797 -7.112 -24.1935
v -15.3797 -7.112 -13.0048
v 15.3797 -7.112 -13.0048
v 15.3797 -7.112 -24.1935
v 13.2715 -7.112 -24.1935
v 13.2715 -7.112 -25.4
v -2.9845 -7.112 -17.6276
v -1.3335 -7.112 -17.3736
v -2.9845 -7.112 -17.3736
v -1.3335 -7.112 -17.6276
v 13.6525 -7.112 -17.653
v 12.1285 -7.112 -17.3736
v -5.1435 -7.112 -17.6276
v -3.4925 -7.112 -17.3736
v -5.1435 -7.112 -17.3736
v -3.4925 -7.112 -17.6276
v 12.1285 -7.112 -17.6276
v 11.6205 -7.112 -17.3736
v 9.9695 -7.112 -17.3736
v 9.9695 -7.112 -17.6276
v 11.6205 -7.112 -17.6276
v -7.3025 -7.112 -17.6276
v -5.6515 -7.112 -17.6276
v -5.6515 -7.112 -17.3736
v -7.3025 -7.112 -17.3736
v 9.4615 -7.112 -17.3736
v -9.4615 -7.112 -17.6276
v -7.8105 -7.112 -17.6276
v -7.8105 -7.112 -17.3736
v -9.4615 -7.112 -17.3736
v 13.6525 -7.112 -21.9964
v 0.8255 -7.112 -17.3736
v -0.8255 -7.112 -17.3736
v 7.8105 -7.112 -17.3736
v 7.8105 -7.112 -17.6276
v 9.4615 -7.112 -17.6276
v -9.9695 -7.112 -17.3736
v 7.3025 -7.112 -17.3736
v -11.6205 -7.112 -17.3736
v -11.6205 -7.112 -17.6276
v -9.9695 -7.112 -17.6276
v 5.6515 -7.112 -17.3736
v 5.6515 -7.112 -17.6276
v 7.3025 -7.112 -17.6276
v -12.1285 -7.112 -17.3736
v 5.1435 -7.112 -17.3736
v -13.6525 -7.112 -17.653
v -12.1285 -7.112 -17.6276
v 3.4925 -7.112 -17.3736
v 3.4925 -7.112 -17.6276
v 5.1435 -7.112 -17.6276
v 2.9845 -7.112 -17.3736
v 1.3335 -7.112 -17.3736
v 1.3335 -7.112 -17.6276
v 2.9845 -7.112 -17.6276
v -13.6525 -7.112 -21.9964
v -0.8255 -7.112 -17.6276
v 0.8255 -7.112 -17.6276
v -13.6525 -8.128 -17.3736
v -13.6525 -8.128 -17.653
v -13.6525 -11.303 -17.3736
v -13.6525 -11.303 -21.9964
v 13.6525 -8.128 -17.653
v 13.6525 -8.128 -17.3736
v 13.6525 -11.303 -17.3736
v 13.6525 -11.303 -21.9964
v 9.4615 -11.303 -21.9202
v 7.8105 -11.303 -21.6662
v 7.8105 -11.303 -21.9202
v 1.3335 -11.303 -21.6662
v 0.8255 -11.303 -17.6276
v 0.8255 -11.303 -21.6662
v 1.3335 -11.303 -17.6276
v 9.4615 -11.303 -21.6662
v 9.9695 -11.303 -21.6662
v 9.9695 -11.303 -17.6276
v 9.4615 -11.303 -17.6276
v -12.1285 -11.303 -17.6276
v -12.1285 -11.303 -17.3736
v -5.6515 -11.303 -21.6662
v -5.6515 -11.303 -17.6276
v -7.3025 -11.303 -17.6276
v -7.3025 -11.303 -21.6662
v 11.6205 -11.303 -21.6662
v 11.6205 -11.303 -17.6276
v 2.9845 -11.303 -21.6662
v 2.9845 -11.303 -17.6276
v 11.6205 -11.303 -21.9202
v 9.9695 -11.303 -21.9202
v -5.6515 -11.303 -21.9202
v -9.9695 -11.303 -17.6276
v -11.6205 -11.303 -17.3736
v -11.6205 -11.303 -17.6276
v -9.9695 -11.303 -17.3736
v -7.3025 -11.303 -21.9202
v 12.1285 -11.303 -21.6662
v 12.1285 -11.303 -17.6276
v -1.3335 -11.303 -17.6276
v -2.9845 -11.303 -17.3736
v -2.9845 -11.303 -17.6276
v -1.3335 -11.303 -17.3736
v -5.1435 -11.303 -21.6662
v -5.1435 -11.303 -17.6276
v 2.9845 -11.303 -21.9202
v 1.3335 -11.303 -21.9202
v 12.1285 -11.303 -21.9202
v 7.3025 -11.303 -17.6276
v 5.6515 -11.303 -17.3736
v 5.6515 -11.303 -17.6276
v 7.3025 -11.303 -17.3736
v 7.3025 -11.303 -21.9202
v 3.4925 -11.303 -21.6662
v 3.4925 -11.303 -17.6276
v -12.1285 -11.303 -21.6662
v 5.6515 -11.303 -21.9202
v 5.1435 -11.303 -21.9202
v 3.4925 -11.303 -21.9202
v 0.8255 -11.303 -21.9202
v -0.8255 -11.303 -21.9202
v -1.3335 -11.303 -21.9202
v -2.9845 -11.303 -21.9202
v -3.4925 -11.303 -21.9202
v -5.1435 -11.303 -21.9202
v -7.8105 -11.303 -21.9202
v -9.4615 -11.303 -21.9202
v -3.4925 -11.303 -21.6662
v -3.4925 -11.303 -17.6276
v -12.1285 -11.303 -21.9202
v -9.9695 -11.303 -21.9202
v -11.6205 -11.303 -21.9202
v -7.8105 -11.303 -17.6276
v -9.4615 -11.303 -17.3736
v -9.4615 -11.303 -17.6276
v -7.8105 -11.303 -17.3736
v 5.1435 -11.303 -21.6662
v 5.1435 -11.303 -17.6276
v -11.6205 -11.303 -21.6662
v -0.8255 -11.303 -17.3736
v -0.8255 -11.303 -17.6276
v 0.8255 -11.303 -17.3736
v -2.9845 -11.303 -21.6662
v 7.8105 -11.303 -17.3736
v 7.8105 -11.303 -17.6276
v 9.4615 -11.303 -17.3736
v 5.6515 -11.303 -21.6662
v -9.9695 -11.303 -21.6662
v -1.3335 -11.303 -21.6662
v -7.3025 -11.303 -17.3736
v -5.6515 -11.303 -17.3736
v 7.3025 -11.303 -21.6662
v -9.4615 -11.303 -21.6662
v 1.3335 -11.303 -17.3736
v 2.9845 -11.303 -17.3736
v -0.8255 -11.303 -21.6662
v 9.9695 -11.303 -17.3736
v 11.6205 -11.303 -17.3736
v -7.8105 -11.303 -21.6662
v -5.1435 -11.303 -17.3736
v -3.4925 -11.303 -17.3736
v 12.1285 -11.303 -17.3736
v 3.4925 -11.303 -17.3736
v 5.1435 -11.303 -17.3736
v 11.6205 -11.8618 -21.9202
v 11.6205 -11.8618 -21.6662
v 12.1285 -11.8618 -21.6662
v 12.1285 -11.8618 -21.9202
v 12.1285 -11.8618 -17.3736
v 11.6205 -11.8618 -17.6276
v 12.1285 -11.8618 -17.6276
v 11.6205 -11.8618 -17.3736
v 12.1285 -8.128 -17.6276
v 11.6205 -8.128 -17.6276
v 11.6205 -8.128 -17.3736
v -7.3025 -11.8618 -17.3736
v -7.8105 -11.8618 -17.3736
v 1.3335 -11.8618 -17.3736
v -2.9845 -8.128 -17.3736
v -3.4925 -8.128 -17.3736
v 9.9695 -11.8618 -17.3736
v 9.4615 -11.8618 -17.3736
v 0.8255 -11.8618 -17.3736
v -5.6515 -8.128 -17.3736
v -7.3025 -8.128 -17.3736
v 9.9695 -8.128 -17.3736
v -11.6205 -8.128 -17.3736
v -12.1285 -8.128 -17.3736
v 12.1285 -8.128 -17.3736
v 5.6515 -8.128 -17.3736
v 5.1435 -8.128 -17.3736
v 3.4925 -8.128 -17.3736
v 2.9845 -8.128 -17.3736
v 1.3335 -8.128 -17.3736
v -5.1435 -8.128 -17.3736
v -5.1435 -11.8618 -17.3736
v -9.4615 -8.128 -17.3736
v -9.9695 -8.128 -17.3736
v -5.6515 -11.8618 -17.3736
v 3.4925 -11.8618 -17.3736
v -0.8255 -8.128 -17.3736
v -1.3335 -8.128 -17.3736
v 2.9845 -11.8618 -17.3736
v 7.8105 -8.128 -17.3736
v 7.3025 -8.128 -17.3736
v -11.6205 -11.8618 -17.3736
v -12.1285 -11.8618 -17.3736
v -7.8105 -8.128 -17.3736
v -2.9845 -11.8618 -17.3736
v -3.4925 -11.8618 -17.3736
v 5.6515 -11.8618 -17.3736
v 0.8255 -8.128 -17.3736
v 5.1435 -11.8618 -17.3736
v 9.4615 -8.128 -17.3736
v -9.4615 -11.8618 -17.3736
v -9.9695 -11.8618 -17.3736
v -0.8255 -11.8618 -17.3736
v -1.3335 -11.8618 -17.3736
v 7.8105 -11.8618 -17.3736
v 7.3025 -11.8618 -17.3736
v -11.6205 -8.128 -17.6276
v -11.6205 -11.8618 -17.6276
v -12.1285 -8.128 -17.6276
v -12.1285 -11.8618 -17.6276
v 7.8105 -8.128 -17.6276
v 9.4615 -8.128 -17.6276
v 9.9695 -8.128 -17.6276
v -9.9695 -8.128 -17.6276
v -9.4615 -8.128 -17.6276
v -7.8105 -8.128 -17.6276
v -7.3025 -8.128 -17.6276
v -5.6515 -8.128 -17.6276
v -5.1435 -8.128 -17.6276
v -3.4925 -8.128 -17.6276
v -2.9845 -8.128 -17.6276
v -1.3335 -8.128 -17.6276
v -0.8255 -8.128 -17.6276
v 0.8255 -8.128 -17.6276
v 1.3335 -8.128 -17.6276
v 2.9845 -8.128 -17.6276
v 3.4925 -8.128 -17.6276
v 5.1435 -8.128 -17.6276
v 5.6515 -8.128 -17.6276
v 7.3025 -8.128 -17.6276
v 9.9695 -11.8618 -17.6276
v 9.4615 -11.8618 -17.6276
v 9.9695 -11.8618 -21.6662
v 9.4615 -11.8618 -21.6662
v 9.4615 -11.8618 -21.9202
v 9.9695 -11.8618 -21.9202
v 7.8105 -11.8618 -17.6276
v 7.3025 -11.8618 -17.6276
v 7.8105 -11.8618 -21.6662
v 7.3025 -11.8618 -21.6662
v 7.3025 -11.8618 -21.9202
v 7.8105 -11.8618 -21.9202
v 5.6515 -11.8618 -17.6276
v 5.1435 -11.8618 -17.6276
v 5.6515 -11.8618 -21.6662
v 5.1435 -11.8618 -21.6662
v 5.1435 -11.8618 -21.9202
v 5.6515 -11.8618 -21.9202
v 3.4925 -11.8618 -17.6276
v 2.9845 -11.8618 -17.6276
v 3.4925 -11.8618 -21.6662
v 2.9845 -11.8618 -21.6662
v 2.9845 -11.8618 -21.9202
v 3.4925 -11.8618 -21.9202
v 1.3335 -11.8618 -17.6276
v 0.8255 -11.8618 -17.6276
v 1.3335 -11.8618 -21.6662
v 0.8255 -11.8618 -21.6662
v 0.8255 -11.8618 -21.9202
v 1.3335 -11.8618 -21.9202
v -0.8255 -11.8618 -17.6276
v -1.3335 -11.8618 -17.6276
v -0.8255 -11.8618 -21.6662
v -1.3335 -11.8618 -21.6662
v -1.3335 -11.8618 -21.9202
v -0.8255 -11.8618 -21.9202
v -2.9845 -11.8618 -17.6276
v -3.4925 -11.8618 -17.6276
v -2.9845 -11.8618 -21.6662
v -3.4925 -11.8618 -21.6662
v -3.4925 -11.8618 -21.9202
v -2.9845 -11.8618 -21.9202
v -5.1435 -11.8618 -17.6276
v -5.6515 -11.8618 -17.6276
v -5.1435 -11.8618 -21.6662
v -5.6515 -11.8618 -21.6662
v -5.6515 -11.8618 -21.9202
v -5.1435 -11.8618 -21.9202
v -7.3025 -11.8618 -17.6276
v -7.8105 -11.8618 -17.6276
v -7.3025 -11.8618 -21.6662
v -7.8105 -11.8618 -21.6662
v -7.8105 -11.8618 -21.9202
v -7.3025 -11.8618 -21.9202
v -9.4615 -11.8618 -17.6276
v -9.9695 -11.8618 -17.6276
v -9.4615 -11.8618 -21.6662
v -9.9695 -11.8618 -21.6662
v -9.9695 -11.8618 -21.9202
v -9.4615 -11.8618 -21.9202
v -11.6205 -11.8618 -21.6662
v -12.1285 -11.8618 -21.6662
v -12.1285 -11.8618 -21.9202
v -11.6205 -11.8618 -21.9202
v 22.492704 -2.374941 -18.034
v 23.087237 -2.521481 -18.034
v 25.9334 0.0 -9.779
v 25.859592 -0.607862 -9.779
v 21.950516 -2.090379 -9.779
v 21.492183 -1.684332 -9.779
v 25.9334 0.0 -18.034
v 25.642458 -1.180397 -9.779
v 21.950516 -2.090379 -18.034
v 25.859592 -0.607862 -18.034
v 21.144342 -1.180397 -9.779
v 25.294617 -1.684332 -9.779
v 21.492183 -1.684332 -18.034
v 25.642458 -1.180397 -18.034
v 20.927208 -0.607862 -9.779
v 24.836284 -2.090379 -9.779
v 21.144342 -1.180397 -18.034
v 25.294617 -1.684332 -18.034
v 20.8534 0.0 -9.779
v 24.294096 -2.374941 -9.779
v 20.927208 -0.607862 -18.034
v 20.8534 0.0 -18.034
v 24.836284 -2.090379 -18.034
v 23.699563 -2.521481 -9.779
v 24.294096 -2.374941 -18.034
v 23.087237 -2.521481 -9.779
v 23.699563 -2.521481 -18.034
v 22.492704 -2.374941 -9.779
v 20.927208 0.607862 -18.034
v 20.927208 0.607862 -9.779
v 21.144342 1.180397 -18.034
v 21.144342 1.180397 -9.779
v 21.492183 1.684332 -18.034
v 21.492183 1.684332 -9.779
v 21.950516 2.090379 -18.034
v 21.950516 2.090379 -9.779
v 22.492704 2.374941 -18.034
v 22.492704 2.374941 -9.779
v 23.087237 2.521481 -18.034
v 23.087237 2.521481 -9.779
v 23.699563 2.521481 -18.034
v 23.699563 2.521481 -9.779
v 24.294096 2.374941 -18.034
v 24.294096 2.374941 -9.779
v 24.836284 2.090379 -18.034
v 24.836284 2.090379 -9.779
v 25.294617 1.684332 -18.034
v 25.294617 1.684332 -9.779
v 25.642458 1.180397 -18.034
v 25.642458 1.180397 -9.779
v 25.859592 0.607862 -18.034
v 25.859592 0.607862 -9.779
v -21.144342 1.180397 -18.034
v -22.133927 0.661022 -18.034
v -21.492183 1.684332 -18.034
v -22.012332 0.340403 -18.034
v -24.294096 -2.374941 -18.034
v -24.836284 -2.090379 -18.034
v -24.201415 -1.170612 -18.034
v -23.89779 -1.329967 -18.034
v -24.458082 0.943226 -18.034
v -25.294617 1.684332 -18.034
v -24.836284 2.090379 -18.034
v -24.201415 1.170612 -18.034
v -24.294096 2.374941 -18.034
v -24.652873 0.661022 -18.034
v -25.642458 1.180397 -18.034
v -20.927208 0.607862 -18.034
v -23.89779 1.329967 -18.034
v -23.699563 2.521481 -18.034
v -24.774468 0.340403 -18.034
v -25.859592 0.607862 -18.034
v -23.564851 1.412029 -18.034
v -23.699563 -2.521481 -18.034
v -23.564851 -1.412029 -18.034
v -20.8534 0.0 -18.034
v -24.8158 0.0 -18.034
v -25.9334 0.0 -18.034
v -21.971 0.0 -18.034
v -22.012332 -0.340403 -18.034
v -23.087237 -2.521481 -18.034
v -23.221949 1.412029 -18.034
v -23.087237 2.521481 -18.034
v -23.221949 -1.412029 -18.034
v -22.88901 -1.329967 -18.034
v -20.927208 -0.607862 -18.034
v -24.774468 -0.340403 -18.034
v -25.642458 -1.180397 -18.034
v -25.859592 -0.607862 -18.034
v -22.492704 -2.374941 -18.034
v -22.585385 -1.170612 -18.034
v -22.88901 1.329967 -18.034
v -22.492704 2.374941 -18.034
v -21.144342 -1.180397 -18.034
v -22.133927 -0.661022 -18.034
v -21.950516 -2.090379 -18.034
v -22.328718 -0.943226 -18.034
v -21.492183 -1.684332 -18.034
v -24.652873 -0.661022 -18.034
v -22.585385 1.170612 -18.034
v -21.950516 2.090379 -18.034
v -25.294617 -1.684332 -18.034
v -24.458082 -0.943226 -18.034
v -22.328718 0.943226 -18.034
v 24.652873 0.661022 -18.034
v 24.774468 0.340403 -18.034
v 22.585385 -1.170612 -18.034
v 22.88901 -1.329967 -18.034
v 22.328718 0.943226 -18.034
v 22.585385 1.170612 -18.034
v 22.133927 0.661022 -18.034
v 22.88901 1.329967 -18.034
v 22.012332 0.340403 -18.034
v 23.221949 1.412029 -18.034
v 23.221949 -1.412029 -18.034
v 21.971 0.0 -18.034
v 24.8158 0.0 -18.034
v 24.774468 -0.340403 -18.034
v 23.564851 1.412029 -18.034
v 23.564851 -1.412029 -18.034
v 23.89779 -1.329967 -18.034
v 22.012332 -0.340403 -18.034
v 24.201415 -1.170612 -18.034
v 23.89779 1.329967 -18.034
v 24.652873 -0.661022 -18.034
v 24.458082 -0.943226 -18.034
v 22.133927 -0.661022 -18.034
v 24.201415 1.170612 -18.034
v 22.328718 -0.943226 -18.034
v 24.458082 0.943226 -18.034
v -24.8158 0.0 -17.034002
v -24.774468 0.340403 -17.034002
v -24.652873 0.661022 -17.034002
v -24.458082 0.943226 -17.034002
v -24.201415 1.170612 -17.034002
v -23.89779 1.329967 -17.034002
v -23.564851 1.412029 -17.034002
v -23.221949 1.412029 -17.034002
v -22.88901 1.329967 -17.034002
v -22.585385 1.170612 -17.034002
v -22.328718 0.943226 -17.034002
v -22.133927 0.661022 -17.034002
v -22.012332 0.340403 -17.034002
v -21.971 0.0 -17.034002
v -24.458082 -0.943226 -17.034002
v -24.652873 -0.661022 -17.034002
v -24.774468 -0.340403 -17.034002
v -24.201415 -1.170612 -17.034002
v -23.89779 -1.329967 -17.034002
v -23.221949 -1.412029 -17.034002
v -23.564851 -1.412029 -17.034002
v -22.88901 -1.329967 -17.034002
v -22.133927 -0.661022 -17.034002
v -22.012332 -0.340403 -17.034002
v -22.328718 -0.943226 -17.034002
v -22.585385 -1.170612 -17.034002
v 22.88901 1.329967 -17.034002
v 22.133927 0.661022 -17.034002
v 22.328718 0.943226 -17.034002
v 22.585385 1.170612 -17.034002
v 21.971 0.0 -17.034002
v 22.012332 0.340403 -17.034002
v 22.328718 -0.943226 -17.034002
v 22.133927 -0.661022 -17.034002
v 22.012332 -0.340403 -17.034002
v 22.585385 -1.170612 -17.034002
v 22.88901 -1.329967 -17.034002
v 24.8158 0.0 -17.034002
v 24.458082 0.943226 -17.034002
v 24.652873 0.661022 -17.034002
v 24.774468 0.340403 -17.034002
v 23.564851 -1.412029 -17.034002
v 23.221949 1.412029 -17.034002
v 23.221949 -1.412029 -17.034002
v 23.89779 -1.329967 -17.034002
v 23.564851 1.412029 -17.034002
v 23.89779 1.329967 -17.034002
v 24.201415 1.170612 -17.034002
v 24.652873 -0.661022 -17.034002
v 24.774468 -0.340403 -17.034002
v 24.458082 -0.943226 -17.034002
v 24.201415 -1.170612 -17.034002
v -25.9334 0.0 -9.779
v -25.859592 0.607862 -9.779
v -25.642458 1.180397 -9.779
v -25.294617 1.684332 -9.779
v -24.836284 2.090379 -9.779
v -24.294096 2.374941 -9.779
v -23.699563 2.521481 -9.779
v -23.087237 2.521481 -9.779
v -22.492704 2.374941 -9.779
v -21.950516 2.090379 -9.779
v -21.492183 1.684332 -9.779
v -21.144342 1.180397 -9.779
v -20.927208 0.607862 -9.779
v -20.8534 0.0 -9.779
v -20.927208 -0.607862 -9.779
v -24.836284 -2.090379 -9.779
v -25.294617 -1.684332 -9.779
v -21.144342 -1.180397 -9.779
v -25.642458 -1.180397 -9.779
v -21.492183 -1.684332 -9.779
v -25.859592 -0.607862 -9.779
v -21.950516 -2.090379 -9.779
v -22.492704 -2.374941 -9.779
v -23.087237 -2.521481 -9.779
v -23.699563 -2.521481 -9.779
v -24.294096 -2.374941 -9.779
v 25.896585 -0.61698 -9.779
v 25.676194 -1.198103 -9.779
v 22.479193 2.410565 -9.779
v 21.463664 -1.709597 -9.779
v 21.928872 -2.121735 -9.779
v 23.082644 2.559303 -9.779
v 21.110606 -1.198103 -9.779
v 22.479193 -2.410565 -9.779
v 25.9715 0.0 -9.779
v 20.890215 -0.61698 -9.779
v 23.704156 2.559303 -9.779
v 23.082644 -2.559303 -9.779
v 25.896585 0.61698 -9.779
v 20.8153 0.0 -9.779
v 24.307607 2.410565 -9.779
v 23.704156 -2.559303 -9.779
v 25.676194 1.198103 -9.779
v 20.890215 0.61698 -9.779
v 24.307607 -2.410565 -9.779
v 24.857928 2.121735 -9.779
v 25.323136 1.709597 -9.779
v 21.110606 1.198103 -9.779
v 24.857928 -2.121735 -9.779
v 21.463664 1.709597 -9.779
v 25.323136 -1.709597 -9.779
v 21.928872 2.121735 -9.779
v -20.890215 -0.61698 -9.779
v -21.110606 -1.198103 -9.779
v -24.307607 2.410565 -9.779
v -25.323136 -1.709597 -9.779
v -24.857928 -2.121735 -9.779
v -23.704156 2.559303 -9.779
v -25.676194 -1.198103 -9.779
v -24.307607 -2.410565 -9.779
v -20.8153 0.0 -9.779
v -25.896585 -0.61698 -9.779
v -23.082644 2.559303 -9.779
v -23.704156 -2.559303 -9.779
v -20.890215 0.61698 -9.779
v -25.9715 0.0 -9.779
v -22.479193 2.410565 -9.779
v -23.082644 -2.559303 -9.779
v -21.110606 1.198103 -9.779
v -25.896585 0.61698 -9.779
v -22.479193 -2.410565 -9.779
v -21.928872 2.121735 -9.779
v -21.463664 1.709597 -9.779
v -25.676194 1.198103 -9.779
v -21.928872 -2.121735 -9.779
v -25.323136 1.709597 -9.779
v -21.463664 -1.709597 -9.779
v -24.857928 2.121735 -9.779
v 26.974281 -2.250017 -9.779
v 27.385177 -1.396783 -9.779
v 27.94 -7.112 -9.779
v 27.595908 -0.473509 -9.779
v -27.920895 -7.281561 -9.779
v -27.94 -7.112 -9.779
v -27.864538 -7.442619 -9.779
v -27.178 -7.874 -9.779
v -27.773756 -7.587099 -9.779
v -27.653099 -7.707756 -9.779
v -27.508619 -7.798538 -9.779
v -27.347561 -7.854895 -9.779
v -25.373751 -4.0005 -9.779
v -26.383825 -2.990425 -9.779
v 25.373751 4.0005 -9.779
v 26.383825 2.990425 -9.779
v 26.974281 2.250017 -9.779
v -26.974281 -2.250017 -9.779
v 27.385177 1.396783 -9.779
v 27.595908 0.473509 -9.779
v -27.385177 -1.396783 -9.779
v 27.94 7.112 -9.779
v -27.595908 -0.473509 -9.779
v 27.918701 7.290903 -9.779
v 27.855994 7.459804 -9.779
v 27.755386 7.609262 -9.779
v -25.373751 4.0005 -9.779
v -27.595908 0.473509 -9.779
v -27.385177 1.396783 -9.779
v -26.974281 2.250017 -9.779
v -26.383825 2.990425 -9.779
v 27.178 -7.874 -9.779
v 27.653099 -7.707756 -9.779
v 27.347561 -7.854895 -9.779
v 27.508619 -7.798538 -9.779
v 27.773756 -7.587099 -9.779
v 27.920895 -7.281561 -9.779
v 27.864538 -7.442619 -9.779
v 25.373751 -4.0005 -9.779
v 26.383825 -2.990425 -9.779
v 20.8153 0.0 -12.5476
v 20.890215 0.61698 -12.5476
v 21.110606 1.198103 -12.5476
v 21.463664 1.709597 -12.5476
v 21.928872 2.121735 -12.5476
v 22.479193 2.410565 -12.5476
v 23.082644 2.559303 -12.5476
v 23.704156 2.559303 -12.5476
v 24.307607 2.410565 -12.5476
v 24.857928 2.121735 -12.5476
v 25.323136 1.709597 -12.5476
v 25.676194 1.198103 -12.5476
v 25.896585 0.61698 -12.5476
v 25.9715 0.0 -12.5476
v 25.896585 -0.61698 -12.5476
v 25.676194 -1.198103 -12.5476
v 25.323136 -1.709597 -12.5476
v 24.857928 -2.121735 -12.5476
v 24.307607 -2.410565 -12.5476
v 23.704156 -2.559303 -12.5476
v 23.082644 -2.559303 -12.5476
v 22.479193 -2.410565 -12.5476
v 21.928872 -2.121735 -12.5476
v 21.463664 -1.709597 -12.5476
v 21.110606 -1.198103 -12.5476
v 20.890215 -0.61698 -12.5476
v -22.479193 -2.410565 -12.5476
v -25.373751 -4.0005 -12.5476
v -23.082644 -2.559303 -12.5476
v -21.110606 1.198103 -12.5476
v -21.463664 1.709597 -12.5476
v -21.928872 2.121735 -12.5476
v 27.595908 0.473509 -12.5476
v -25.323136 1.709597 -12.5476
v -26.974281 2.250017 -12.5476
v -26.383825 2.990425 -12.5476
v -22.479193 2.410565 -12.5476
v 27.385177 1.396783 -12.5476
v -24.857928 2.121735 -12.5476
v -25.373751 4.0005 -12.5476
v 27.595908 -0.473509 -12.5476
v -25.676194 1.198103 -12.5476
v -27.385177 1.396783 -12.5476
v 27.385177 -1.396783 -12.5476
v -24.307607 2.410565 -12.5476
v 26.974281 -2.250017 -12.5476
v -20.890215 0.61698 -12.5476
v -25.896585 0.61698 -12.5476
v -27.595908 0.473509 -12.5476
v 25.373751 -4.0005 -12.5476
v -23.704156 2.559303 -12.5476
v -20.8153 0.0 -12.5476
v 26.383825 -2.990425 -12.5476
v -25.9715 0.0 -12.5476
v -27.595908 -0.473509 -12.5476
v -21.928872 -2.121735 -12.5476
v -23.082644 2.559303 -12.5476
v 25.373751 4.0005 -12.5476
v -25.896585 -0.61698 -12.5476
v -27.385177 -1.396783 -12.5476
v -20.890215 -0.61698 -12.5476
v -21.463664 -1.709597 -12.5476
v -21.110606 -1.198103 -12.5476
v -25.676194 -1.198103 -12.5476
v -26.974281 -2.250017 -12.5476
v -25.323136 -1.709597 -12.5476
v 26.383825 2.990425 -12.5476
v -26.383825 -2.990425 -12.5476
v -24.857928 -2.121735 -12.5476
v 26.974281 2.250017 -12.5476
v -24.307607 -2.410565 -12.5476
v -23.704156 -2.559303 -12.5476
v 18.4785 -2.667 -18.8468
v 17.7419 2.2479 -18.8468
v -18.4785 -2.667 -18.8468
v -17.7419 2.2479 -18.8468
v 1.651 -2.05105 -4.064
v 2.667 -2.05105 -0.508
v 2.667 -2.05105 -4.064
v 1.651 -2.05105 -0.508
v -12.446 -2.05105 -4.064
v -11.303 -2.05105 -4.064
v -14.558936 -2.05105 -0.528664
v -10.287 -2.05105 -4.064
v 3.81 -2.05105 -4.064
v 4.826 -2.05105 -0.508
v 4.826 -2.05105 -4.064
v 3.81 -2.05105 -0.508
v -9.144 -2.05105 -4.064
v -12.446 -2.05105 -0.508
v -8.128 -2.05105 -4.064
v -11.303 -2.05105 -0.508
v 5.969 -2.05105 -0.508
v 6.985 -2.05105 -0.508
v 5.969 -2.05105 -4.064
v 6.985 -2.05105 -4.064
v -6.985 -2.05105 -4.064
v 0.508 -2.05105 -4.064
v -0.508 -2.05105 -4.064
v 10.287 -2.05105 -4.064
v 9.144 -2.05105 -4.064
v 8.128 -2.05105 -4.064
v -10.287 -2.05105 -0.508
v -5.969 -2.05105 -4.064
v 11.303 -2.05105 -4.064
v -4.826 -2.05105 -4.064
v -9.144 -2.05105 -0.508
v -8.128 -2.05105 -0.508
v 12.446 -2.05105 -4.064
v 8.128 -2.05105 -0.508
v 9.144 -2.05105 -0.508
v -3.81 -2.05105 -4.064
v 10.287 -2.05105 -0.508
v 11.303 -2.05105 -0.508
v -2.667 -2.05105 -4.064
v -6.985 -2.05105 -0.508
v -5.969 -2.05105 -0.508
v 12.446 -2.05105 -0.508
v 14.558936 -2.05105 -0.528664
v -1.651 -2.05105 -4.064
v -4.826 -2.05105 -0.508
v -3.81 -2.05105 -0.508
v -2.667 -2.05105 -0.508
v -1.651 -2.05105 -0.508
v -0.508 -2.05105 -0.508
v 0.508 -2.05105 -0.508
v 14.558936 2.05105 -0.528664
v -1.651 2.05105 -4.064
v -2.667 2.05105 -0.508
v -2.667 2.05105 -4.064
v -1.651 2.05105 -0.508
v 12.446 2.05105 -4.064
v 11.303 2.05105 -4.064
v 10.287 2.05105 -4.064
v -3.81 2.05105 -4.064
v -4.826 2.05105 -0.508
v -4.826 2.05105 -4.064
v -3.81 2.05105 -0.508
v 9.144 2.05105 -4.064
v 12.446 2.05105 -0.508
v 8.128 2.05105 -4.064
v 11.303 2.05105 -0.508
v -5.969 2.05105 -4.064
v -6.985 2.05105 -0.508
v -6.985 2.05105 -4.064
v -5.969 2.05105 -0.508
v 6.985 2.05105 -4.064
v -0.508 2.05105 -4.064
v 0.508 2.05105 -4.064
v 10.287 2.05105 -0.508
v -9.144 2.05105 -4.064
v -8.128 2.05105 -4.064
v -10.287 2.05105 -4.064
v 5.969 2.05105 -4.064
v -11.303 2.05105 -4.064
v 4.826 2.05105 -4.064
v 9.144 2.05105 -0.508
v 8.128 2.05105 -0.508
v -12.446 2.05105 -4.064
v -9.144 2.05105 -0.508
v -8.128 2.05105 -0.508
v 3.81 2.05105 -4.064
v -10.287 2.05105 -0.508
v -11.303 2.05105 -0.508
v 2.667 2.05105 -4.064
v 6.985 2.05105 -0.508
v 5.969 2.05105 -0.508
v 1.651 2.05105 -4.064
v -12.446 2.05105 -0.508
v -14.558936 2.05105 -0.528664
v 4.826 2.05105 -0.508
v 3.81 2.05105 -0.508
v 2.667 2.05105 -0.508
v 1.651 2.05105 -0.508
v 0.508 2.05105 -0.508
v -0.508 2.05105 -0.508
v 11.303 -1.717471 -1.369329
v 11.303 -1.603994 -2.286
v 11.303 -1.717471 -3.202671
v 11.303 1.717471 -3.202671
v 11.303 1.603994 -2.286
v 11.303 1.717471 -1.369329
v 12.446 -1.717471 -3.202671
v 12.446 -1.603994 -2.286
v 12.446 -1.717471 -1.369329
v 12.446 1.603994 -2.286
v 12.446 1.717471 -3.202671
v 12.446 1.717471 -1.369329
v 9.144 -1.717471 -1.369329
v 9.144 -1.603994 -2.286
v 9.144 -1.717471 -3.202671
v 9.144 1.717471 -3.202671
v 9.144 1.603994 -2.286
v 9.144 1.717471 -1.369329
v 10.287 -1.717471 -3.202671
v 10.287 -1.603994 -2.286
v 10.287 -1.717471 -1.369329
v 10.287 1.603994 -2.286
v 10.287 1.717471 -3.202671
v 10.287 1.717471 -1.369329
v 6.985 -1.717471 -1.369329
v 6.985 -1.603994 -2.286
v 6.985 -1.717471 -3.202671
v 6.985 1.717471 -3.202671
v 6.985 1.603994 -2.286
v 6.985 1.717471 -1.369329
v 8.128 -1.717471 -3.202671
v 8.128 -1.603994 -2.286
v 8.128 -1.717471 -1.369329
v 8.128 1.603994 -2.286
v 8.128 1.717471 -3.202671
v 8.128 1.717471 -1.369329
v 4.826 -1.717471 -1.369329
v 4.826 -1.603994 -2.286
v 4.826 -1.717471 -3.202671
v 4.826 1.717471 -3.202671
v 4.826 1.603994 -2.286
v 4.826 1.717471 -1.369329
v 5.969 -1.717471 -3.202671
v 5.969 -1.603994 -2.286
v 5.969 -1.717471 -1.369329
v 5.969 1.603994 -2.286
v 5.969 1.717471 -3.202671
v 5.969 1.717471 -1.369329
v 2.667 -1.717471 -1.369329
v 2.667 -1.603994 -2.286
v 2.667 -1.717471 -3.202671
v 2.667 1.717471 -3.202671
v 2.667 1.603994 -2.286
v 2.667 1.717471 -1.369329
v 3.81 -1.717471 -3.202671
v 3.81 -1.603994 -2.286
v 3.81 -1.717471 -1.369329
v 3.81 1.603994 -2.286
v 3.81 1.717471 -3.202671
v 3.81 1.717471 -1.369329
v 0.508 -1.717471 -1.369329
v 0.508 -1.603994 -2.286
v 0.508 -1.717471 -3.202671
v 0.508 1.717471 -3.202671
v 0.508 1.603994 -2.286
v 0.508 1.717471 -1.369329
v 1.651 -1.717471 -3.202671
v 1.651 -1.603994 -2.286
v 1.651 -1.717471 -1.369329
v 1.651 1.603994 -2.286
v 1.651 1.717471 -3.202671
v 1.651 1.717471 -1.369329
v -1.651 -1.717471 -1.369329
v -1.651 -1.603994 -2.286
v -1.651 -1.717471 -3.202671
v -1.651 1.717471 -3.202671
v -1.651 1.603994 -2.286
v -1.651 1.717471 -1.369329
v -0.508 -1.717471 -3.202671
v -0.508 -1.603994 -2.286
v -0.508 -1.717471 -1.369329
v -0.508 1.603994 -2.286
v -0.508 1.717471 -3.202671
v -0.508 1.717471 -1.369329
v -3.81 -1.717471 -1.369329
v -3.81 -1.603994 -2.286
v -3.81 -1.717471 -3.202671
v -3.81 1.717471 -3.202671
v -3.81 1.603994 -2.286
v -3.81 1.717471 -1.369329
v -2.667 -1.717471 -3.202671
v -2.667 -1.603994 -2.286
v -2.667 -1.717471 -1.369329
v -2.667 1.603994 -2.286
v -2.667 1.717471 -3.202671
v -2.667 1.717471 -1.369329
v -5.969 -1.717471 -1.369329
v -5.969 -1.603994 -2.286
v -5.969 -1.717471 -3.202671
v -5.969 1.717471 -3.202671
v -5.969 1.603994 -2.286
v -5.969 1.717471 -1.369329
v -4.826 -1.717471 -3.202671
v -4.826 -1.603994 -2.286
v -4.826 -1.717471 -1.369329
v -4.826 1.603994 -2.286
v -4.826 1.717471 -3.202671
v -4.826 1.717471 -1.369329
v -8.128 -1.717471 -1.369329
v -8.128 -1.603994 -2.286
v -8.128 -1.717471 -3.202671
v -8.128 1.717471 -3.202671
v -8.128 1.603994 -2.286
v -8.128 1.717471 -1.369329
v -6.985 -1.717471 -3.202671
v -6.985 -1.603994 -2.286
v -6.985 -1.717471 -1.369329
v -6.985 1.603994 -2.286
v -6.985 1.717471 -3.202671
v -6.985 1.717471 -1.369329
v -10.287 -1.717471 -1.369329
v -10.287 -1.603994 -2.286
v -10.287 -1.717471 -3.202671
v -10.287 1.717471 -3.202671
v -10.287 1.603994 -2.286
v -10.287 1.717471 -1.369329
v -9.144 -1.717471 -3.202671
v -9.144 -1.603994 -2.286
v -9.144 -1.717471 -1.369329
v -9.144 1.603994 -2.286
v -9.144 1.717471 -3.202671
v -9.144 1.717471 -1.369329
v -12.446 -1.717471 -1.369329
v -12.446 -1.603994 -2.286
v -12.446 -1.717471 -3.202671
v -12.446 1.717471 -3.202671
v -12.446 1.603994 -2.286
v -12.446 1.717471 -1.369329
v -11.303 -1.717471 -3.202671
v -11.303 -1.603994 -2.286
v -11.303 -1.717471 -1.369329
v -11.303 1.603994 -2.286
v -11.303 1.717471 -3.202671
v -11.303 1.717471 -1.369329
v 25.9334 0.0 -8.763
v 25.859592 0.607862 -8.763
v 25.642458 1.180397 -8.763
v 25.294617 1.684332 -8.763
v 24.836284 2.090379 -8.763
v 24.294096 2.374941 -8.763
v 23.699563 2.521481 -8.763
v 23.087237 2.521481 -8.763
v 22.492704 2.374941 -8.763
v 21.950516 2.090379 -8.763
v 21.492183 1.684332 -8.763
v 21.144342 1.180397 -8.763
v 20.927208 0.607862 -8.763
v 20.8534 0.0 -8.763
v 20.927208 -0.607862 -8.763
v 21.144342 -1.180397 -8.763
v 21.492183 -1.684332 -8.763
v 21.950516 -2.090379 -8.763
v 22.492704 -2.374941 -8.763
v 23.087237 -2.521481 -8.763
v 23.699563 -2.521481 -8.763
v 24.294096 -2.374941 -8.763
v 24.836284 -2.090379 -8.763
v 25.294617 -1.684332 -8.763
v 25.642458 -1.180397 -8.763
v 25.859592 -0.607862 -8.763
v 24.774468 -0.340403 -8.763
v 24.652873 -0.661022 -8.763
v 22.585385 1.170612 -8.763
v 22.88901 1.329967 -8.763
v 22.328718 -0.943226 -8.763
v 22.585385 -1.170612 -8.763
v 22.133927 -0.661022 -8.763
v 22.88901 -1.329967 -8.763
v 22.012332 -0.340403 -8.763
v 23.221949 1.412029 -8.763
v 24.8158 0.0 -8.763
v 24.774468 0.340403 -8.763
v 23.221949 -1.412029 -8.763
v 23.564851 1.412029 -8.763
v 23.89779 1.329967 -8.763
v 21.971 0.0 -8.763
v 23.564851 -1.412029 -8.763
v 24.201415 1.170612 -8.763
v 24.652873 0.661022 -8.763
v 22.012332 0.340403 -8.763
v 23.89779 -1.329967 -8.763
v 24.458082 0.943226 -8.763
v 22.133927 0.661022 -8.763
v 24.201415 -1.170612 -8.763
v 22.328718 0.943226 -8.763
v 24.458082 -0.943226 -8.763
v -21.144342 -1.180397 -8.763
v -22.012332 -0.340403 -8.763
v -22.133927 -0.661022 -8.763
v -24.294096 2.374941 -8.763
v -24.836284 2.090379 -8.763
v -24.201415 1.170612 -8.763
v -23.89779 1.329967 -8.763
v -24.458082 -0.943226 -8.763
v -25.294617 -1.684332 -8.763
v -24.836284 -2.090379 -8.763
v -24.201415 -1.170612 -8.763
v -24.294096 -2.374941 -8.763
v -20.927208 -0.607862 -8.763
v -24.652873 -0.661022 -8.763
v -25.642458 -1.180397 -8.763
v -23.89779 -1.329967 -8.763
v -23.699563 -2.521481 -8.763
v -23.699563 2.521481 -8.763
v -24.774468 -0.340403 -8.763
v -25.9334 0.0 -8.763
v -25.859592 -0.607862 -8.763
v -23.564851 1.412029 -8.763
v -20.8534 0.0 -8.763
v -21.971 0.0 -8.763
v -22.012332 0.340403 -8.763
v -23.564851 -1.412029 -8.763
v -23.087237 2.521481 -8.763
v -23.221949 1.412029 -8.763
v -22.88901 1.329967 -8.763
v -24.8158 0.0 -8.763
v -23.221949 -1.412029 -8.763
v -23.087237 -2.521481 -8.763
v -20.927208 0.607862 -8.763
v -22.492704 2.374941 -8.763
v -22.585385 1.170612 -8.763
v -21.144342 1.180397 -8.763
v -22.133927 0.661022 -8.763
v -24.774468 0.340403 -8.763
v -25.642458 1.180397 -8.763
v -25.859592 0.607862 -8.763
v -22.88901 -1.329967 -8.763
v -22.492704 -2.374941 -8.763
v -21.950516 2.090379 -8.763
v -22.328718 0.943226 -8.763
v -21.492183 1.684332 -8.763
v -24.652873 0.661022 -8.763
v -22.585385 -1.170612 -8.763
v -21.950516 -2.090379 -8.763
v -25.294617 1.684332 -8.763
v -24.458082 0.943226 -8.763
v -22.328718 -0.943226 -8.763
v -21.492183 -1.684332 -8.763
v 21.971 0.0 -9.762998
v 22.012332 -0.340403 -9.762998
v 22.133927 -0.661022 -9.762998
v 22.328718 -0.943226 -9.762998
v 22.585385 -1.170612 -9.762998
v 22.88901 -1.329967 -9.762998
v 23.221949 -1.412029 -9.762998
v 23.564851 -1.412029 -9.762998
v 23.89779 -1.329967 -9.762998
v 24.201415 -1.170612 -9.762998
v 24.458082 -0.943226 -9.762998
v 24.652873 -0.661022 -9.762998
v 24.774468 -0.340403 -9.762998
v 24.8158 0.0 -9.762998
v 24.774468 0.340403 -9.762998
v 24.652873 0.661022 -9.762998
v 24.458082 0.943226 -9.762998
v 24.201415 1.170612 -9.762998
v 23.89779 1.329967 -9.762998
v 23.564851 1.412029 -9.762998
v 23.221949 1.412029 -9.762998
v 22.88901 1.329967 -9.762998
v 22.585385 1.170612 -9.762998
v 22.328718 0.943226 -9.762998
v 22.133927 0.661022 -9.762998
v 22.012332 0.340403 -9.762998
v -23.89779 -1.329967 -9.762998
v -24.652873 -0.661022 -9.762998
v -24.458082 -0.943226 -9.762998
v -24.201415 -1.170612 -9.762998
v -24.8158 0.0 -9.762998
v -24.774468 -0.340403 -9.762998
v -24.458082 0.943226 -9.762998
v -24.652873 0.661022 -9.762998
v -24.774468 0.340403 -9.762998
v -24.201415 1.170612 -9.762998
v -23.89779 1.329967 -9.762998
v -21.971 0.0 -9.762998
v -22.328718 -0.943226 -9.762998
v -22.133927 -0.661022 -9.762998
v -22.012332 -0.340403 -9.762998
v -23.221949 1.412029 -9.762998
v -23.564851 -1.412029 -9.762998
v -23.564851 1.412029 -9.762998
v -22.88901 1.329967 -9.762998
v -23.221949 -1.412029 -9.762998
v -22.88901 -1.329967 -9.762998
v -22.585385 -1.170612 -9.762998
v -22.133927 0.661022 -9.762998
v -22.012332 0.340403 -9.762998
v -22.328718 0.943226 -9.762998
v -22.585385 1.170612 -9.762998
f 1 2 3
f 4 2 1
f 5 1 6
f 5 4 1
f 1 7 6
f 8 9 10
f 11 9 8
f 12 8 13
f 12 11 8
f 8 14 13
f 15 16 17
f 15 18 16
f 19 20 21
f 19 22 20
f 23 21 18
f 23 18 15
f 24 25 26
f 27 28 29
f 30 24 26
f 31 32 19
f 31 19 21
f 33 34 28
f 33 28 27
f 35 29 36
f 35 27 29
f 37 38 34
f 37 34 33
f 39 32 31
f 40 36 41
f 40 35 36
f 42 32 39
f 43 40 41
f 44 30 45
f 44 24 30
f 46 40 43
f 47 46 43
f 48 46 47
f 49 48 47
f 50 44 45
f 51 48 49
f 52 42 39
f 53 51 49
f 54 55 42
f 54 42 52
f 56 45 57
f 56 50 45
f 58 51 53
f 59 60 55
f 59 55 54
f 61 57 60
f 61 60 59
f 61 56 57
f 62 63 64
f 65 58 53
f 65 66 58
f 22 67 68
f 22 69 67
f 70 66 65
f 20 22 68
f 71 62 64
f 25 62 71
f 17 66 70
f 17 16 66
f 21 20 18
f 26 25 71
f 72 73 74
f 75 74 76
f 77 72 74
f 78 74 75
f 79 77 74
f 79 74 78
f 80 81 82
f 82 81 83
f 80 82 84
f 85 74 86
f 85 86 87
f 85 87 88
f 81 89 90
f 81 90 91
f 81 91 92
f 81 92 93
f 81 93 94
f 81 94 83
f 95 89 81
f 85 96 97
f 85 97 98
f 85 98 95
f 85 95 81
f 99 96 85
f 100 99 85
f 101 100 85
f 102 101 85
f 88 102 85
f 82 83 103
f 84 104 105
f 84 105 106
f 84 107 104
f 108 84 106
f 109 84 108
f 110 84 109
f 80 84 110
f 80 110 111
f 112 88 87
f 113 80 111
f 113 74 80
f 114 74 113
f 73 115 86
f 73 86 74
f 76 74 114
f 6 7 116
f 116 7 117
f 5 6 118
f 118 6 116
f 4 5 119
f 119 5 118
f 2 4 120
f 120 4 119
f 3 2 121
f 121 2 120
f 1 3 122
f 122 3 121
f 7 1 117
f 117 1 122
f 116 117 123
f 121 124 123
f 121 123 117
f 125 116 123
f 120 124 121
f 119 124 120
f 126 118 116
f 126 116 125
f 126 124 119
f 126 119 118
f 117 122 121
f 127 128 129
f 127 130 128
f 127 131 130
f 127 129 132
f 133 134 127
f 135 136 132
f 137 138 139
f 137 140 141
f 137 142 140
f 137 143 142
f 137 144 143
f 137 145 144
f 137 139 127
f 146 147 148
f 149 150 135
f 146 151 147
f 137 141 138
f 146 152 151
f 137 153 154
f 137 154 155
f 137 155 156
f 157 135 150
f 137 156 145
f 154 135 158
f 154 158 159
f 160 161 136
f 162 149 135
f 163 133 127
f 158 135 157
f 164 152 146
f 164 165 166
f 164 166 152
f 161 132 136
f 167 168 169
f 129 135 132
f 129 162 135
f 170 164 146
f 171 154 172
f 139 163 127
f 173 174 175
f 176 174 173
f 177 167 169
f 153 161 178
f 153 132 161
f 155 154 171
f 179 177 169
f 180 181 182
f 183 153 178
f 184 185 186
f 184 169 185
f 184 179 169
f 187 182 138
f 187 180 182
f 159 158 176
f 188 159 176
f 188 173 189
f 188 176 173
f 190 186 191
f 190 184 186
f 154 153 183
f 192 193 194
f 192 191 193
f 192 190 191
f 165 188 189
f 165 189 166
f 141 187 138
f 168 159 188
f 168 188 169
f 172 154 159
f 127 134 131
f 13 14 135
f 135 14 136
f 12 13 154
f 154 13 135
f 11 12 183
f 183 12 154
f 9 11 178
f 178 11 183
f 10 9 161
f 161 9 178
f 8 10 160
f 160 10 161
f 14 8 136
f 136 8 160
f 53 49 134
f 134 49 131
f 65 53 133
f 133 53 134
f 70 65 163
f 163 65 133
f 17 70 139
f 139 70 163
f 15 17 138
f 138 17 139
f 23 15 182
f 182 15 138
f 21 23 181
f 181 23 182
f 31 21 180
f 180 21 181
f 39 31 187
f 187 31 180
f 52 39 141
f 141 39 187
f 54 52 140
f 140 52 141
f 59 54 142
f 142 54 140
f 61 59 143
f 143 59 142
f 56 61 144
f 144 61 143
f 50 56 145
f 145 56 144
f 44 50 156
f 156 50 145
f 24 44 155
f 155 44 156
f 25 24 171
f 171 24 155
f 62 25 172
f 172 25 171
f 63 62 159
f 159 62 172
f 64 63 168
f 168 63 159
f 71 64 167
f 167 64 168
f 26 71 177
f 177 71 167
f 30 26 179
f 179 26 177
f 45 30 184
f 184 30 179
f 57 45 190
f 190 45 184
f 60 57 192
f 192 57 190
f 55 60 194
f 194 60 192
f 42 55 193
f 193 55 194
f 32 42 191
f 191 42 193
f 19 32 186
f 186 32 191
f 22 19 185
f 185 19 186
f 69 22 169
f 169 22 185
f 67 69 188
f 188 69 169
f 68 67 165
f 165 67 188
f 20 68 164
f 164 68 165
f 18 20 170
f 170 20 164
f 16 18 146
f 146 18 170
f 66 16 148
f 148 16 146
f 58 66 147
f 147 66 148
f 51 58 151
f 151 58 147
f 48 51 152
f 152 51 151
f 46 48 166
f 166 48 152
f 40 46 189
f 189 46 166
f 35 40 173
f 173 40 189
f 27 35 175
f 175 35 173
f 33 27 174
f 174 27 175
f 37 33 176
f 176 33 174
f 38 37 158
f 158 37 176
f 34 38 157
f 157 38 158
f 28 34 150
f 150 34 157
f 29 28 149
f 149 28 150
f 36 29 162
f 162 29 149
f 41 36 129
f 129 36 162
f 43 41 128
f 128 41 129
f 47 43 130
f 130 43 128
f 49 47 131
f 131 47 130
f 86 115 125
f 125 115 126
f 112 195 88
f 115 124 126
f 115 112 124
f 196 115 73
f 196 112 115
f 196 195 112
f 112 87 124
f 124 87 123
f 87 86 123
f 123 86 125
f 88 197 102
f 195 197 88
f 102 198 101
f 197 198 102
f 101 199 100
f 198 199 101
f 100 200 99
f 199 200 100
f 99 201 96
f 200 201 99
f 96 202 97
f 201 202 96
f 97 203 98
f 202 203 97
f 98 204 95
f 203 204 98
f 204 89 95
f 204 205 89
f 89 205 90
f 90 206 91
f 205 206 90
f 91 207 92
f 206 207 91
f 92 208 93
f 207 208 92
f 93 209 94
f 208 209 93
f 94 210 83
f 209 210 94
f 210 211 83
f 107 212 104
f 103 127 132
f 103 107 127
f 103 212 107
f 211 103 83
f 211 212 103
f 107 84 127
f 127 84 137
f 84 82 137
f 137 82 153
f 82 103 153
f 153 103 132
f 104 212 105
f 105 213 106
f 212 213 105
f 106 214 108
f 213 214 106
f 108 215 109
f 214 215 108
f 109 216 110
f 215 216 109
f 110 217 111
f 216 217 110
f 217 218 111
f 218 113 111
f 218 219 113
f 113 220 114
f 219 220 113
f 114 221 76
f 220 221 114
f 76 222 75
f 221 222 76
f 75 223 78
f 222 223 75
f 78 224 79
f 223 224 78
f 79 225 77
f 224 225 79
f 77 226 72
f 225 226 77
f 72 196 73
f 226 196 72
f 212 211 227
f 213 228 229
f 213 212 228
f 214 229 230
f 214 213 229
f 215 214 230
f 231 215 230
f 216 215 231
f 207 232 233
f 234 216 231
f 234 217 216
f 208 233 235
f 208 207 233
f 206 236 232
f 206 232 207
f 237 218 217
f 209 235 238
f 237 217 234
f 209 208 235
f 205 236 206
f 210 238 239
f 210 209 238
f 211 239 227
f 211 210 239
f 240 236 205
f 241 219 218
f 241 218 237
f 241 220 219
f 204 240 205
f 203 242 243
f 203 243 240
f 203 240 204
f 202 242 203
f 202 244 242
f 245 220 241
f 245 221 220
f 201 244 202
f 246 247 195
f 246 195 196
f 248 244 201
f 200 248 201
f 249 222 221
f 249 221 245
f 250 196 226
f 251 248 200
f 251 200 199
f 250 246 196
f 252 223 222
f 252 222 249
f 253 226 225
f 253 250 226
f 254 251 199
f 254 199 198
f 255 224 223
f 255 223 252
f 256 253 225
f 256 225 224
f 256 224 255
f 257 254 198
f 257 198 197
f 247 257 197
f 247 197 195
f 212 258 228
f 212 227 258
f 247 259 260
f 257 260 261
f 257 247 260
f 254 261 262
f 254 257 261
f 251 262 263
f 251 254 262
f 248 263 264
f 248 251 263
f 244 264 265
f 244 248 264
f 242 244 265
f 243 265 266
f 243 242 265
f 240 266 267
f 240 243 266
f 268 269 270
f 271 270 272
f 271 272 273
f 271 273 274
f 271 274 275
f 271 268 270
f 276 277 268
f 278 268 277
f 279 268 271
f 279 276 268
f 280 268 278
f 281 279 271
f 282 268 280
f 283 281 271
f 284 283 271
f 285 286 287
f 285 288 286
f 285 282 288
f 285 268 282
f 285 289 290
f 285 287 289
f 291 284 271
f 292 291 271
f 293 294 284
f 293 284 291
f 295 292 271
f 296 297 285
f 298 299 294
f 298 300 299
f 298 301 300
f 298 294 293
f 302 295 271
f 303 304 305
f 303 305 306
f 303 306 307
f 303 307 296
f 303 296 285
f 303 285 290
f 303 308 309
f 303 290 308
f 310 302 271
f 267 311 301
f 267 301 298
f 267 312 311
f 266 313 312
f 266 314 313
f 266 312 267
f 265 315 314
f 265 314 266
f 264 315 265
f 264 316 315
f 263 303 309
f 263 316 264
f 263 309 316
f 262 303 263
f 261 303 262
f 260 303 261
f 259 303 260
f 317 318 310
f 317 319 318
f 317 320 319
f 317 321 320
f 317 322 321
f 317 310 271
f 323 317 324
f 325 326 327
f 325 328 326
f 329 326 328
f 330 322 317
f 330 325 327
f 330 327 322
f 331 323 332
f 331 317 323
f 333 326 329
f 333 334 326
f 335 330 317
f 336 331 337
f 338 317 331
f 338 331 336
f 339 334 333
f 340 335 317
f 341 342 334
f 341 334 339
f 343 317 338
f 343 340 317
f 344 342 341
f 345 343 338
f 346 347 342
f 346 342 344
f 348 345 338
f 349 350 347
f 349 347 346
f 351 348 338
f 352 353 350
f 352 350 349
f 354 351 338
f 355 353 352
f 356 354 338
f 357 353 355
f 357 358 353
f 357 359 358
f 357 360 359
f 357 361 360
f 357 362 363
f 357 355 362
f 364 356 338
f 364 357 363
f 364 365 356
f 364 366 365
f 364 367 366
f 364 368 367
f 364 363 368
f 369 364 370
f 369 370 371
f 369 372 373
f 369 373 374
f 369 374 357
f 369 357 364
f 357 303 259
f 357 259 361
f 375 376 377
f 378 376 375
f 303 379 380
f 304 380 381
f 304 303 380
f 305 381 382
f 305 304 381
f 306 382 383
f 306 305 382
f 307 383 384
f 307 306 383
f 296 384 385
f 296 307 384
f 297 385 386
f 297 296 385
f 285 297 386
f 381 387 382
f 380 387 381
f 379 387 380
f 388 389 390
f 391 388 390
f 388 392 389
f 393 394 395
f 394 396 395
f 397 396 394
f 394 398 397
f 396 399 395
f 382 400 401
f 401 400 402
f 387 403 382
f 382 403 400
f 402 404 398
f 396 405 399
f 405 406 399
f 400 407 402
f 402 407 404
f 394 402 398
f 398 408 409
f 398 404 408
f 410 411 412
f 413 412 411
f 414 412 413
f 415 412 414
f 416 412 415
f 417 416 415
f 418 416 417
f 419 416 418
f 420 416 419
f 421 398 409
f 422 423 398
f 422 398 421
f 424 421 425
f 424 422 421
f 426 425 427
f 426 424 425
f 428 427 429
f 428 426 427
f 396 430 431
f 432 429 433
f 432 428 429
f 434 433 430
f 434 432 433
f 434 430 396
f 435 434 396
f 436 437 438
f 436 439 437
f 438 406 436
f 440 441 442
f 406 405 436
f 396 397 435
f 440 397 441
f 435 397 440
f 436 435 439
f 439 435 440
f 443 424 426
f 444 426 428
f 444 428 432
f 444 443 426
f 445 422 424
f 445 424 443
f 446 432 434
f 446 444 432
f 447 423 422
f 447 422 445
f 448 434 435
f 448 446 434
f 449 448 435
f 450 423 447
f 451 452 423
f 451 423 450
f 453 435 436
f 453 449 435
f 441 397 423
f 452 454 423
f 423 454 441
f 397 398 423
f 416 455 452
f 452 455 454
f 404 407 412
f 412 407 456
f 437 457 438
f 458 457 437
f 459 457 458
f 460 442 441
f 454 458 460
f 454 459 458
f 461 454 462
f 461 459 454
f 441 454 460
f 463 464 465
f 466 467 464
f 467 465 464
f 442 468 440
f 460 469 468
f 442 460 468
f 467 470 465
f 471 472 473
f 474 471 467
f 475 476 477
f 475 474 476
f 478 471 474
f 478 474 475
f 471 470 467
f 478 472 471
f 470 463 465
f 470 479 463
f 463 479 480
f 479 481 480
f 482 483 484
f 484 483 477
f 480 484 485
f 485 463 480
f 476 485 484
f 476 484 477
f 486 487 488
f 488 487 489
f 489 490 491
f 487 490 489
f 492 493 486
f 486 493 487
f 491 494 495
f 490 494 491
f 496 497 492
f 492 497 493
f 495 498 480
f 494 498 495
f 498 499 480
f 496 500 497
f 501 502 496
f 496 502 500
f 480 503 484
f 499 503 480
f 482 484 503
f 504 505 482
f 504 482 503
f 505 481 482
f 505 506 481
f 507 508 509
f 481 507 509
f 481 479 507
f 510 507 479
f 511 481 509
f 512 513 514
f 512 391 513
f 515 388 391
f 515 391 512
f 516 514 510
f 482 481 511
f 483 482 511
f 517 512 514
f 517 514 516
f 514 507 510
f 518 516 510
f 518 519 516
f 520 521 522
f 523 522 521
f 524 522 523
f 525 522 524
f 526 522 525
f 527 526 525
f 528 526 527
f 529 526 528
f 530 526 529
f 522 502 501
f 516 531 526
f 519 531 516
f 531 502 522
f 531 522 526
f 471 532 501
f 532 522 501
f 501 496 471
f 496 470 471
f 510 479 496
f 496 479 470
f 517 516 533
f 533 516 526
f 534 520 535
f 520 536 535
f 536 522 537
f 520 522 536
f 522 532 537
f 538 539 540
f 541 539 538
f 542 543 544
f 544 543 545
f 539 546 540
f 540 546 547
f 410 548 549
f 549 548 550
f 547 551 542
f 546 551 547
f 542 551 543
f 550 552 553
f 548 552 550
f 552 554 553
f 554 555 553
f 555 556 553
f 555 557 556
f 557 558 556
f 557 559 558
f 560 561 559
f 559 561 558
f 562 563 560
f 560 563 561
f 564 565 420
f 566 567 562
f 562 567 563
f 565 568 569
f 564 568 565
f 570 571 566
f 572 571 570
f 566 571 567
f 569 541 573
f 573 541 538
f 568 541 569
f 544 545 572
f 572 545 571
f 574 575 576
f 577 575 574
f 578 579 580
f 580 579 581
f 575 582 576
f 520 534 583
f 583 534 584
f 576 582 585
f 585 586 578
f 578 586 579
f 582 586 585
f 584 587 588
f 534 587 584
f 587 589 588
f 589 590 588
f 590 591 588
f 590 592 591
f 592 593 591
f 592 594 593
f 595 596 594
f 594 596 593
f 597 598 595
f 595 598 596
f 599 600 530
f 601 602 597
f 597 602 598
f 600 603 604
f 599 603 600
f 605 606 601
f 607 606 605
f 601 606 602
f 604 577 608
f 608 577 574
f 603 577 604
f 580 581 607
f 607 581 606
f 455 416 609
f 609 416 610
f 416 420 610
f 420 611 610
f 420 565 611
f 455 609 454
f 454 609 462
f 456 407 612
f 612 400 609
f 609 400 462
f 407 400 612
f 609 610 612
f 612 610 613
f 614 615 537
f 537 615 536
f 613 401 402
f 610 401 613
f 615 513 536
f 514 513 615
f 513 401 610
f 513 610 536
f 616 617 618
f 619 613 402
f 620 616 618
f 621 620 618
f 622 619 402
f 623 621 618
f 623 618 624
f 625 623 624
f 626 625 624
f 627 514 615
f 394 628 629
f 394 629 622
f 394 630 631
f 394 631 632
f 394 632 633
f 394 633 628
f 634 514 627
f 394 622 402
f 635 630 394
f 636 635 394
f 507 626 624
f 507 637 638
f 507 638 639
f 507 639 640
f 507 640 641
f 507 641 642
f 643 636 394
f 507 642 644
f 507 644 626
f 507 514 634
f 507 634 645
f 507 645 637
f 646 647 648
f 646 648 649
f 646 649 650
f 646 611 651
f 646 651 652
f 646 652 647
f 646 610 611
f 653 650 654
f 653 654 643
f 653 643 394
f 653 646 650
f 618 536 610
f 618 610 646
f 535 536 618
f 655 535 618
f 617 655 618
f 656 657 658
f 656 659 657
f 393 653 394
f 393 660 653
f 660 646 653
f 660 661 646
f 661 618 646
f 661 662 618
f 662 624 618
f 662 663 624
f 663 507 624
f 663 508 507
f 660 395 664
f 660 393 395
f 665 660 664
f 661 660 665
f 663 666 667
f 662 665 666
f 662 661 665
f 662 666 663
f 509 663 667
f 508 663 509
f 668 664 669
f 670 671 672
f 670 672 673
f 670 673 674
f 670 674 675
f 676 395 677
f 670 675 678
f 670 678 679
f 670 669 671
f 680 677 395
f 670 679 399
f 681 395 676
f 682 670 399
f 682 683 670
f 684 680 395
f 685 395 681
f 686 395 685
f 669 664 395
f 669 686 687
f 669 687 688
f 669 688 689
f 669 689 690
f 669 395 686
f 671 669 690
f 399 691 684
f 399 692 693
f 399 693 694
f 399 694 695
f 399 695 696
f 399 696 691
f 399 684 395
f 697 692 399
f 698 697 399
f 679 698 399
f 511 699 700
f 511 700 701
f 511 701 702
f 511 702 703
f 511 703 704
f 511 704 705
f 511 706 707
f 511 705 706
f 511 509 708
f 709 667 710
f 708 509 711
f 509 667 709
f 706 712 707
f 713 709 714
f 715 714 709
f 716 709 713
f 717 709 706
f 717 715 709
f 718 509 709
f 718 709 716
f 719 717 706
f 720 509 718
f 721 719 706
f 722 509 720
f 723 721 706
f 724 509 722
f 725 723 706
f 726 509 724
f 727 725 706
f 728 509 726
f 705 727 706
f 711 509 728
f 511 708 729
f 511 729 699
f 730 731 691
f 691 731 684
f 684 732 680
f 731 732 684
f 680 733 677
f 732 733 680
f 677 734 676
f 733 734 677
f 676 735 681
f 734 735 676
f 681 736 685
f 735 736 681
f 685 737 686
f 736 737 685
f 686 738 687
f 737 738 686
f 687 739 688
f 738 739 687
f 688 740 689
f 739 740 688
f 689 741 690
f 740 741 689
f 690 742 671
f 741 742 690
f 671 743 672
f 742 743 671
f 744 745 746
f 746 747 744
f 744 748 745
f 747 749 744
f 744 750 748
f 749 743 744
f 750 751 752
f 752 751 753
f 744 751 750
f 751 754 753
f 751 755 754
f 739 756 740
f 740 756 741
f 741 756 742
f 742 756 743
f 743 756 744
f 751 757 755
f 739 738 756
f 751 758 757
f 738 737 756
f 731 759 732
f 732 759 733
f 733 759 734
f 734 759 735
f 735 759 736
f 736 759 737
f 737 759 756
f 751 759 730
f 751 730 758
f 730 759 731
f 760 761 762
f 762 763 760
f 760 764 761
f 763 765 760
f 760 766 764
f 765 767 760
f 760 768 766
f 768 769 770
f 760 769 768
f 769 771 770
f 769 772 771
f 773 774 775
f 775 774 776
f 776 774 777
f 777 774 767
f 767 774 760
f 769 778 772
f 773 779 774
f 769 780 778
f 779 781 774
f 781 782 774
f 783 784 785
f 785 784 786
f 786 784 787
f 787 784 788
f 788 784 782
f 782 784 774
f 769 784 789
f 769 789 780
f 789 784 783
f 743 749 672
f 672 749 673
f 673 747 674
f 749 747 673
f 674 746 675
f 747 746 674
f 675 745 678
f 746 745 675
f 678 748 679
f 745 748 678
f 679 750 698
f 748 750 679
f 698 752 697
f 750 752 698
f 697 753 692
f 752 753 697
f 692 754 693
f 753 754 692
f 693 755 694
f 754 755 693
f 694 757 695
f 755 757 694
f 695 758 696
f 757 758 695
f 696 730 691
f 758 730 696
f 789 783 719
f 719 783 717
f 717 785 715
f 783 785 717
f 715 786 714
f 785 786 715
f 714 787 713
f 786 787 714
f 713 788 716
f 787 788 713
f 716 782 718
f 788 782 716
f 718 781 720
f 782 781 718
f 720 779 722
f 781 779 720
f 722 773 724
f 779 773 722
f 724 775 726
f 773 775 724
f 726 776 728
f 775 776 726
f 728 777 711
f 776 777 728
f 711 767 708
f 777 767 711
f 767 765 708
f 708 765 729
f 729 763 699
f 765 763 729
f 699 762 700
f 763 762 699
f 700 761 701
f 762 761 700
f 701 764 702
f 761 764 701
f 702 766 703
f 764 766 702
f 703 768 704
f 766 768 703
f 704 770 705
f 768 770 704
f 705 771 727
f 770 771 705
f 727 772 725
f 771 772 727
f 725 778 723
f 772 778 725
f 723 780 721
f 778 780 723
f 721 789 719
f 780 789 721
f 790 791 792
f 792 791 793
f 793 794 795
f 791 794 793
f 795 796 756
f 794 796 795
f 796 744 756
f 797 744 796
f 797 751 744
f 798 796 794
f 798 797 796
f 799 794 791
f 799 791 790
f 799 798 794
f 800 790 801
f 800 799 790
f 802 800 801
f 803 801 804
f 803 804 805
f 803 802 801
f 806 803 805
f 800 807 799
f 799 808 798
f 807 808 799
f 798 809 797
f 808 809 798
f 797 759 751
f 809 759 797
f 810 811 812
f 813 810 812
f 814 812 815
f 814 813 812
f 807 815 792
f 807 814 815
f 808 792 793
f 808 807 792
f 809 793 795
f 809 808 793
f 759 795 756
f 759 809 795
f 816 790 817
f 817 790 818
f 818 790 819
f 816 820 790
f 820 801 790
f 820 821 801
f 821 804 801
f 821 822 804
f 822 805 804
f 822 823 805
f 823 824 805
f 823 825 824
f 825 826 824
f 826 827 828
f 825 827 826
f 828 829 830
f 827 829 828
f 830 831 832
f 829 831 830
f 832 833 834
f 831 833 832
f 835 836 837
f 837 838 839
f 836 838 837
f 839 840 841
f 838 840 839
f 812 842 815
f 815 842 792
f 842 843 792
f 811 844 812
f 812 844 842
f 841 845 846
f 840 845 841
f 843 847 792
f 846 848 811
f 811 848 844
f 845 848 846
f 847 849 792
f 849 850 792
f 800 851 852
f 853 800 852
f 807 800 853
f 453 851 819
f 453 852 851
f 790 453 819
f 854 807 853
f 449 850 854
f 449 792 850
f 449 790 792
f 449 453 790
f 449 854 853
f 425 855 427
f 427 856 429
f 429 856 433
f 855 856 427
f 421 857 425
f 425 857 855
f 433 858 430
f 856 858 433
f 409 859 421
f 421 859 857
f 430 860 431
f 858 860 430
f 860 853 431
f 409 861 859
f 408 862 409
f 409 862 861
f 431 852 863
f 853 852 431
f 405 431 863
f 405 396 431
f 852 405 863
f 453 436 405
f 453 405 852
f 861 447 859
f 450 447 861
f 859 445 857
f 447 445 859
f 857 443 855
f 445 443 857
f 855 444 856
f 443 444 855
f 856 446 858
f 444 446 856
f 858 448 860
f 446 448 858
f 860 449 853
f 448 449 860
f 864 865 861
f 451 866 867
f 451 868 866
f 869 861 865
f 451 870 868
f 451 871 870
f 451 872 871
f 451 873 872
f 451 867 862
f 874 864 861
f 450 861 875
f 451 450 873
f 876 861 869
f 877 874 861
f 875 861 876
f 878 877 861
f 862 879 878
f 862 880 879
f 862 881 880
f 862 878 861
f 450 882 883
f 450 884 882
f 450 885 884
f 450 875 885
f 886 881 862
f 887 450 883
f 888 886 862
f 889 450 887
f 867 888 862
f 873 450 889
f 404 862 408
f 412 862 404
f 452 451 416
f 451 862 412
f 451 412 416
f 890 891 892
f 893 894 895
f 866 894 896
f 891 897 898
f 896 894 893
f 898 897 899
f 900 901 902
f 903 897 890
f 890 897 891
f 904 901 900
f 885 905 884
f 875 905 885
f 906 905 875
f 899 905 906
f 884 905 907
f 907 905 903
f 897 905 899
f 904 908 901
f 903 905 897
f 895 908 904
f 870 909 868
f 868 909 894
f 895 909 908
f 894 909 895
f 902 910 911
f 901 910 902
f 901 912 910
f 908 912 901
f 871 913 870
f 909 913 908
f 908 913 912
f 870 913 909
f 911 914 915
f 910 914 911
f 910 916 914
f 912 916 910
f 872 917 871
f 913 917 912
f 912 917 916
f 871 917 913
f 915 918 919
f 914 918 915
f 916 920 914
f 914 920 918
f 873 921 872
f 917 921 916
f 872 921 917
f 916 921 920
f 918 922 919
f 919 922 923
f 918 924 922
f 920 924 918
f 889 925 873
f 873 925 921
f 921 925 920
f 920 925 924
f 922 926 923
f 923 926 927
f 922 928 926
f 924 928 922
f 887 929 889
f 889 929 925
f 925 929 924
f 924 929 928
f 927 930 931
f 926 930 927
f 926 932 930
f 928 932 926
f 883 933 887
f 928 933 932
f 887 933 929
f 929 933 928
f 931 934 935
f 930 934 931
f 932 936 930
f 930 936 934
f 937 938 939
f 882 940 883
f 939 938 941
f 883 940 933
f 932 940 936
f 933 940 932
f 942 893 937
f 935 890 892
f 937 893 938
f 866 896 867
f 934 890 935
f 867 896 943
f 943 896 942
f 936 903 934
f 942 896 893
f 934 903 890
f 941 904 900
f 884 907 882
f 882 907 940
f 936 907 903
f 938 904 941
f 940 907 936
f 938 895 904
f 892 891 944
f 893 895 938
f 944 891 945
f 945 891 898
f 868 894 866
f 946 947 948
f 876 947 946
f 937 949 942
f 950 949 951
f 952 953 954
f 955 949 937
f 951 949 955
f 956 953 952
f 888 957 886
f 867 957 888
f 943 957 867
f 942 957 943
f 886 957 958
f 956 959 953
f 958 957 950
f 950 957 949
f 949 957 942
f 960 959 956
f 865 961 869
f 869 961 947
f 960 961 959
f 947 961 960
f 954 962 963
f 953 962 954
f 959 964 953
f 953 964 962
f 864 965 865
f 961 965 959
f 959 965 964
f 865 965 961
f 963 966 967
f 962 966 963
f 962 968 966
f 964 968 962
f 874 969 864
f 964 969 968
f 864 969 965
f 965 969 964
f 967 970 971
f 966 970 967
f 966 972 970
f 968 972 966
f 877 973 874
f 969 973 968
f 874 973 969
f 968 973 972
f 971 974 975
f 970 974 971
f 972 976 970
f 970 976 974
f 877 977 973
f 878 977 877
f 972 977 976
f 973 977 972
f 974 978 975
f 975 978 979
f 974 980 978
f 976 980 974
f 879 981 878
f 977 981 976
f 976 981 980
f 878 981 977
f 979 982 983
f 978 982 979
f 978 984 982
f 980 984 978
f 880 985 879
f 986 937 939
f 980 985 984
f 879 985 981
f 981 985 980
f 983 987 988
f 982 987 983
f 984 989 982
f 982 989 987
f 898 990 945
f 881 991 880
f 945 990 992
f 880 991 985
f 984 991 989
f 985 991 984
f 899 948 898
f 988 951 993
f 898 948 990
f 876 946 875
f 987 951 988
f 875 946 906
f 906 946 899
f 989 950 987
f 899 946 948
f 987 950 951
f 992 956 952
f 886 958 881
f 881 958 991
f 990 956 992
f 989 958 950
f 991 958 989
f 990 960 956
f 993 955 986
f 948 960 990
f 869 947 876
f 951 955 993
f 986 955 937
f 948 947 960
f 986 994 995
f 986 939 994
f 993 995 996
f 993 986 995
f 988 996 997
f 988 993 996
f 983 997 998
f 983 988 997
f 979 998 999
f 979 983 998
f 975 999 1000
f 975 979 999
f 971 1000 1001
f 971 975 1000
f 967 1001 1002
f 967 971 1001
f 963 1002 1003
f 963 967 1002
f 954 1003 1004
f 954 963 1003
f 952 1004 1005
f 952 954 1004
f 992 1005 1006
f 992 952 1005
f 945 1006 1007
f 945 992 1006
f 944 945 1007
f 944 1007 1008
f 892 1008 1009
f 892 944 1008
f 935 1009 1010
f 935 892 1009
f 931 1010 1011
f 931 935 1010
f 927 1011 1012
f 927 931 1011
f 923 1012 1013
f 923 927 1012
f 919 1013 1014
f 919 923 1013
f 915 1014 1015
f 915 919 1014
f 911 1015 1016
f 911 915 1015
f 902 1016 1017
f 902 911 1016
f 900 1017 1018
f 900 902 1017
f 941 1018 1019
f 941 900 1018
f 939 1019 994
f 939 941 1019
f 994 1019 1020
f 1020 1019 1021
f 1021 1018 1022
f 1019 1018 1021
f 1022 1017 1023
f 1018 1017 1022
f 1023 1016 1024
f 1017 1016 1023
f 1024 1015 1025
f 1016 1015 1024
f 1025 1014 1026
f 1015 1014 1025
f 1026 1013 1027
f 1014 1013 1026
f 1027 1012 1028
f 1013 1012 1027
f 1028 1011 1029
f 1012 1011 1028
f 1029 1010 1030
f 1011 1010 1029
f 1030 1009 1031
f 1010 1009 1030
f 1031 1008 1032
f 1009 1008 1031
f 1032 1007 1033
f 1008 1007 1032
f 1007 1006 1033
f 1033 1006 1034
f 1034 1005 1035
f 1006 1005 1034
f 1035 1004 1036
f 1005 1004 1035
f 1036 1003 1037
f 1004 1003 1036
f 1037 1002 1038
f 1003 1002 1037
f 1038 1001 1039
f 1002 1001 1038
f 1039 1000 1040
f 1001 1000 1039
f 1040 999 1041
f 1000 999 1040
f 1041 998 1042
f 999 998 1041
f 1042 997 1043
f 998 997 1042
f 1043 996 1044
f 997 996 1043
f 1044 995 1045
f 996 995 1044
f 1045 994 1020
f 995 994 1045
f 1046 1047 1020
f 1020 1047 1045
f 1045 1048 1044
f 1047 1048 1045
f 1044 1049 1043
f 1048 1049 1044
f 1043 1050 1042
f 1049 1050 1043
f 1042 1051 1041
f 1050 1051 1042
f 1041 1052 1040
f 1051 1052 1041
f 1040 1053 1039
f 1052 1053 1040
f 1039 1054 1038
f 1053 1054 1039
f 1038 1055 1037
f 1054 1055 1038
f 1037 1056 1036
f 1055 1056 1037
f 1036 1057 1035
f 1056 1057 1036
f 1035 1058 1034
f 1057 1058 1035
f 1034 1059 1033
f 1058 1059 1034
f 1059 1060 1033
f 1033 1060 1032
f 1032 1061 1031
f 1060 1061 1032
f 1031 1062 1030
f 1061 1062 1031
f 1030 1063 1029
f 1062 1063 1030
f 1029 1064 1028
f 1063 1064 1029
f 1028 1065 1027
f 1064 1065 1028
f 1027 1066 1026
f 1065 1066 1027
f 1026 1067 1025
f 1066 1067 1026
f 1025 1068 1024
f 1067 1068 1025
f 1024 1069 1023
f 1068 1069 1024
f 1023 1070 1022
f 1069 1070 1023
f 1022 1071 1021
f 1070 1071 1022
f 1021 1046 1020
f 1071 1046 1021
f 1072 415 1073
f 1072 417 415
f 1074 1061 1060
f 1072 1075 1076
f 1074 1060 1077
f 1078 1076 1079
f 1074 1080 1061
f 1078 1079 1081
f 1082 543 1083
f 1082 1084 1085
f 1086 1070 1069
f 1082 1083 1084
f 1087 1077 1088
f 1086 1081 1070
f 1087 1085 1080
f 1089 418 417
f 1087 1080 1074
f 1089 1076 1078
f 1087 1074 1077
f 1089 417 1072
f 1090 1088 1091
f 1090 1091 571
f 1089 1072 1076
f 1090 571 545
f 1090 545 543
f 1092 1078 1081
f 1090 543 1082
f 1090 1087 1088
f 1090 1085 1087
f 1092 1081 1086
f 1090 1082 1085
f 1093 1069 1068
f 1093 1086 1069
f 1094 419 418
f 1094 1089 1078
f 1094 418 1089
f 1094 1078 1092
f 1095 1086 1093
f 1095 1092 1086
f 1096 1068 1067
f 1096 1093 1068
f 1097 420 419
f 1097 1094 1092
f 1097 419 1094
f 1097 1092 1095
f 1098 1093 1096
f 1098 1095 1093
f 1099 1067 1066
f 1099 1096 1067
f 1100 564 420
f 1100 1097 1095
f 1100 1095 1098
f 1100 420 1097
f 1101 1098 1096
f 1101 1096 1099
f 1102 1099 1066
f 1102 1066 1065
f 1103 1100 1098
f 1103 541 568
f 1103 568 564
f 1103 564 1100
f 1103 1098 1101
f 1104 1101 1099
f 1104 1099 1102
f 1105 1065 1064
f 1105 1102 1065
f 1106 1103 1101
f 1106 1101 1104
f 1106 541 1103
f 1107 1104 1102
f 1107 1102 1105
f 1108 1064 1063
f 1108 1105 1064
f 1109 1106 1104
f 1109 1104 1107
f 1077 1060 1059
f 1109 539 541
f 1109 541 1106
f 1110 1105 1108
f 1110 1107 1105
f 1111 1063 1062
f 1111 1108 1063
f 1112 546 539
f 1112 1109 1107
f 1112 539 1109
f 1112 1107 1110
f 1084 1110 1108
f 1084 1108 1111
f 1079 1113 1046
f 1079 1046 1071
f 1080 1062 1061
f 1076 1075 1113
f 1080 1111 1062
f 1083 543 551
f 1076 1113 1079
f 1083 551 546
f 1083 546 1112
f 1083 1112 1110
f 1081 1071 1070
f 1083 1110 1084
f 1081 1079 1071
f 1085 1084 1111
f 1085 1111 1080
f 1072 1073 1075
f 1114 1115 1048
f 1116 1117 1118
f 1119 413 411
f 1119 1120 1121
f 1119 411 1122
f 1119 1122 1120
f 1123 1057 1056
f 1123 1124 1057
f 1125 1113 1075
f 1126 563 567
f 1125 1121 1115
f 1126 1117 1116
f 1125 1114 1113
f 1125 1115 1114
f 1126 1127 1117
f 1126 567 1127
f 1128 413 1119
f 1129 1116 1124
f 1128 1075 1073
f 1128 414 413
f 1129 1124 1123
f 1128 1125 1075
f 1128 1119 1121
f 1128 1121 1125
f 1128 1073 414
f 1130 1056 1055
f 1130 1123 1056
f 1131 561 563
f 1131 563 1126
f 1131 1116 1129
f 1131 1126 1116
f 1132 1129 1123
f 1132 1123 1130
f 1133 1055 1054
f 1133 1130 1055
f 1134 558 561
f 1134 561 1131
f 1134 1129 1132
f 1134 1131 1129
f 1135 1132 1130
f 1135 1130 1133
f 1136 1054 1053
f 1136 1133 1054
f 1137 556 558
f 1137 1132 1135
f 1137 1134 1132
f 1137 558 1134
f 1138 1133 1136
f 1138 1135 1133
f 1139 1053 1052
f 1139 1136 1053
f 1140 553 556
f 1140 1137 1135
f 1140 1135 1138
f 1140 556 1137
f 1141 1136 1139
f 1141 1138 1136
f 1142 1052 1051
f 1142 1139 1052
f 1143 550 553
f 1143 553 1140
f 1143 1140 1138
f 1143 1138 1141
f 1144 1141 1139
f 1144 1139 1142
f 1145 1051 1050
f 1145 1142 1051
f 1146 549 550
f 1146 1141 1144
f 1146 1143 1141
f 1146 550 1143
f 1147 1144 1142
f 1147 1142 1145
f 1148 1050 1049
f 1148 1145 1050
f 1149 410 549
f 1149 1146 1144
f 1149 1144 1147
f 1149 549 1146
f 415 414 1073
f 1120 1147 1145
f 1120 1145 1148
f 1118 1077 1059
f 1118 1059 1058
f 1115 1049 1048
f 1115 1148 1049
f 1117 1088 1077
f 1122 411 410
f 1122 410 1149
f 1117 1077 1118
f 1122 1149 1147
f 1122 1147 1120
f 1124 1058 1057
f 1124 1118 1058
f 1121 1120 1148
f 1121 1148 1115
f 1127 567 571
f 1127 1091 1088
f 1127 571 1091
f 1127 1088 1117
f 1114 1047 1046
f 1114 1048 1047
f 1114 1046 1113
f 1116 1118 1124
f 800 1150 1151
f 800 1151 1152
f 800 1152 851
f 1153 1150 800
f 802 1153 800
f 1154 1153 802
f 803 1154 802
f 1155 1154 803
f 806 1155 803
f 1156 1155 806
f 1157 1156 806
f 1158 1156 1157
f 1159 1158 1157
f 1160 1159 1161
f 1160 1158 1159
f 1162 1161 1163
f 1162 1160 1161
f 1164 1163 1165
f 1164 1162 1163
f 1166 1165 1167
f 1166 1164 1165
f 1168 1169 1170
f 1171 1170 1172
f 1171 1168 1170
f 1173 1172 1174
f 1173 1171 1172
f 1175 813 814
f 1175 814 807
f 1176 1175 807
f 1177 810 813
f 1177 813 1175
f 1178 1174 1179
f 1178 1173 1174
f 1180 1176 807
f 1181 1179 810
f 1181 1178 1179
f 1181 810 1177
f 1182 1180 807
f 854 1182 807
f 851 1152 819
f 819 1152 818
f 818 1151 817
f 1152 1151 818
f 817 1150 816
f 1151 1150 817
f 816 1153 820
f 1150 1153 816
f 820 1154 821
f 1153 1154 820
f 821 1155 822
f 1154 1155 821
f 1183 1184 833
f 1183 833 831
f 1185 1183 831
f 1186 831 829
f 1186 1185 831
f 1187 1166 1188
f 1189 829 827
f 1189 1186 829
f 1164 1187 1190
f 1164 1166 1187
f 1191 1189 827
f 825 1191 827
f 1192 1191 825
f 1162 1190 1193
f 1162 1164 1190
f 1160 1193 1194
f 1160 1194 1192
f 1160 1162 1193
f 1158 1192 825
f 1158 1160 1192
f 1156 825 823
f 1156 1158 825
f 1155 823 822
f 1155 1156 823
f 1195 1183 1196
f 1184 1183 1195
f 1196 1185 1197
f 1183 1185 1196
f 1197 1186 1198
f 1185 1186 1197
f 1198 1189 1199
f 1186 1189 1198
f 1199 1191 1200
f 1189 1191 1199
f 1200 1192 1201
f 1201 1192 1202
f 1191 1192 1200
f 1202 1194 1203
f 1192 1194 1202
f 1203 1193 1204
f 1194 1193 1203
f 1204 1190 1205
f 1193 1190 1204
f 1205 1187 1206
f 1190 1187 1205
f 1206 1188 1207
f 1187 1188 1206
f 1195 832 834
f 1195 1196 832
f 1196 830 832
f 1167 1206 1207
f 1196 1197 830
f 1197 828 830
f 1167 1165 1206
f 1165 1205 1206
f 1197 1198 828
f 1198 826 828
f 1205 1163 1204
f 1165 1163 1205
f 1198 1199 826
f 1204 1161 1203
f 1163 1161 1204
f 826 1200 824
f 1199 1200 826
f 1200 1201 824
f 1201 805 824
f 1203 1159 1202
f 1161 1159 1203
f 1202 1157 1201
f 1159 1157 1202
f 1157 806 1201
f 1201 806 805
f 1184 834 833
f 1184 1195 834
f 1166 1207 1188
f 1166 1167 1207
f 811 1208 846
f 1208 1209 846
f 811 810 1208
f 810 1210 1208
f 846 1211 841
f 1209 1211 846
f 841 1212 839
f 1211 1212 841
f 1210 1179 1213
f 810 1179 1210
f 839 1214 837
f 1212 1214 839
f 1213 1174 1215
f 1179 1174 1213
f 1214 1216 837
f 1216 835 837
f 1215 1172 1217
f 1174 1172 1215
f 1216 1218 835
f 1217 1170 1219
f 1172 1170 1217
f 1219 1169 1220
f 1170 1169 1219
f 1221 1222 1220
f 1220 1222 1219
f 1219 1223 1217
f 1222 1223 1219
f 1217 1224 1215
f 1223 1224 1217
f 1215 1225 1213
f 1224 1225 1215
f 1213 1226 1210
f 1225 1226 1213
f 1210 1227 1208
f 1208 1227 1209
f 1226 1227 1210
f 1209 1228 1211
f 1227 1228 1209
f 1211 1229 1212
f 1228 1229 1211
f 1212 1230 1214
f 1229 1230 1212
f 1214 1231 1216
f 1230 1231 1214
f 1216 1232 1218
f 1231 1232 1216
f 1177 844 848
f 1181 1177 848
f 1227 848 845
f 1227 845 1228
f 1227 1181 848
f 1229 845 840
f 1229 1228 845
f 1230 840 838
f 1230 1229 840
f 1178 1227 1226
f 1178 1226 1225
f 1178 1181 1227
f 1231 1230 838
f 836 1231 838
f 1173 1225 1224
f 1173 1178 1225
f 1232 1231 836
f 1171 1224 1223
f 1171 1223 1222
f 1171 1173 1224
f 1168 1222 1221
f 1168 1171 1222
f 1169 1221 1220
f 1169 1168 1221
f 1218 836 835
f 1218 1232 836
f 844 1177 842
f 842 1175 843
f 1177 1175 842
f 843 1176 847
f 1175 1176 843
f 847 1180 849
f 1176 1180 847
f 849 1182 850
f 1180 1182 849
f 1182 854 850
f 1233 1234 1235
f 1235 1236 1237
f 1234 1236 1235
f 1237 1238 1239
f 1236 1238 1237
f 1239 784 769
f 1238 784 1239
f 1240 1241 1242
f 1243 1240 1242
f 1244 1242 1245
f 1244 1243 1242
f 1234 1245 1246
f 1234 1246 1247
f 1234 1244 1245
f 1236 1234 1247
f 1238 1247 1248
f 1238 1236 1247
f 784 1248 774
f 784 1238 1248
f 1246 1249 1247
f 1250 1249 1246
f 1247 1251 1248
f 1249 1251 1247
f 1248 1252 774
f 1251 1252 1248
f 1252 760 774
f 1239 769 760
f 1239 760 1252
f 1237 1252 1251
f 1237 1239 1252
f 1235 1251 1249
f 1235 1249 1250
f 1235 1237 1251
f 1233 1250 1253
f 1233 1235 1250
f 1254 1233 1253
f 1255 1253 1256
f 1255 1256 1257
f 1255 1254 1253
f 1258 1255 1257
f 1233 1259 1260
f 1233 1260 1261
f 1233 1261 1262
f 1263 1259 1233
f 1254 1263 1233
f 1264 1263 1254
f 1255 1264 1254
f 1265 1264 1255
f 1258 1265 1255
f 1266 1265 1258
f 1267 1266 1258
f 1268 1266 1267
f 1269 1268 1267
f 1270 1269 1271
f 1270 1268 1269
f 1272 1271 1273
f 1272 1270 1271
f 1274 1273 1275
f 1274 1272 1273
f 1276 1275 1277
f 1276 1274 1275
f 1278 1279 1280
f 1281 1280 1282
f 1281 1278 1280
f 1283 1282 1284
f 1283 1281 1282
f 1285 1243 1244
f 1285 1244 1234
f 1286 1285 1234
f 1287 1240 1243
f 1287 1243 1285
f 1288 1284 1289
f 1288 1283 1284
f 1290 1286 1234
f 1291 1289 1240
f 1291 1288 1289
f 1291 1240 1287
f 1292 1290 1234
f 1293 1292 1234
f 1233 1262 503
f 499 1233 503
f 1234 1233 499
f 504 1262 1294
f 504 503 1262
f 1250 504 1294
f 1293 1234 499
f 1295 1296 1293
f 1295 1246 1296
f 1295 1250 1246
f 1295 504 1250
f 1295 1293 499
f 1297 1298 1299
f 1297 1299 1300
f 1301 1300 1302
f 1301 1297 1300
f 1303 1304 1298
f 1303 1298 1297
f 1305 1302 1306
f 1305 1301 1302
f 1307 518 1304
f 1307 1304 1303
f 1308 1306 506
f 1308 1305 1306
f 1295 1308 506
f 1309 518 1307
f 531 519 518
f 531 518 1309
f 504 506 505
f 504 1295 506
f 1310 1311 500
f 531 1312 1313
f 531 1314 1312
f 1315 500 1311
f 531 1316 1314
f 531 1317 1316
f 531 1318 1317
f 531 1319 1318
f 531 1313 502
f 1320 1310 500
f 1309 500 1321
f 531 1309 1319
f 1322 500 1315
f 1323 1320 500
f 1321 500 1322
f 1324 1323 500
f 502 1325 1324
f 502 1326 1325
f 502 1327 1326
f 502 1324 500
f 1309 1328 1329
f 1309 1330 1328
f 1309 1331 1330
f 1309 1321 1331
f 1332 1327 502
f 1333 1309 1329
f 1334 1332 502
f 1335 1309 1333
f 1313 1334 502
f 1319 1309 1335
f 500 1307 497
f 1309 1307 500
f 497 1303 493
f 1307 1303 497
f 493 1297 487
f 1303 1297 493
f 487 1301 490
f 1297 1301 487
f 490 1305 494
f 1301 1305 490
f 494 1308 498
f 1305 1308 494
f 498 1295 499
f 1308 1295 498
f 1336 1337 1338
f 1339 1340 1341
f 1341 1340 1342
f 1343 1337 1336
f 1330 1344 1328
f 1345 1337 1346
f 1346 1337 1343
f 1338 1347 1348
f 1348 1347 1349
f 1350 1344 1330
f 1351 1347 1352
f 1349 1347 1351
f 1353 1354 1350
f 1355 1347 1345
f 1337 1347 1338
f 1345 1347 1337
f 1352 1347 1355
f 1350 1354 1344
f 1356 1357 1358
f 1340 1357 1353
f 1358 1357 1340
f 1353 1357 1354
f 1328 1359 1329
f 1344 1359 1328
f 1354 1360 1344
f 1344 1360 1359
f 1357 1361 1354
f 1362 1361 1356
f 1356 1361 1357
f 1354 1361 1360
f 1329 1363 1333
f 1359 1363 1329
f 1359 1364 1363
f 1360 1364 1359
f 1360 1365 1364
f 1366 1365 1362
f 1361 1365 1360
f 1362 1365 1361
f 1363 1367 1333
f 1333 1367 1335
f 1363 1368 1367
f 1364 1368 1363
f 1364 1369 1368
f 1370 1369 1366
f 1365 1369 1364
f 1366 1369 1365
f 1335 1371 1319
f 1367 1371 1335
f 1368 1372 1367
f 1367 1372 1371
f 1369 1373 1368
f 1370 1373 1369
f 1368 1373 1372
f 1374 1373 1370
f 1319 1375 1318
f 1371 1375 1319
f 1371 1376 1375
f 1372 1376 1371
f 1377 1378 1374
f 1373 1378 1372
f 1374 1378 1373
f 1372 1378 1376
f 1318 1379 1317
f 1375 1379 1318
f 1376 1380 1375
f 1375 1380 1379
f 1381 1382 1377
f 1312 1336 1313
f 1377 1382 1378
f 1378 1382 1376
f 1376 1382 1380
f 1317 1383 1316
f 1379 1383 1317
f 1380 1384 1379
f 1379 1384 1383
f 1321 1385 1331
f 1386 1385 1321
f 1387 1388 1381
f 1381 1388 1382
f 1382 1388 1380
f 1380 1388 1384
f 1389 1342 1386
f 1316 1346 1314
f 1386 1342 1385
f 1383 1346 1316
f 1339 1341 1390
f 1391 1341 1389
f 1390 1341 1391
f 1389 1341 1342
f 1384 1345 1383
f 1383 1345 1346
f 1331 1350 1330
f 1352 1355 1387
f 1388 1355 1384
f 1385 1350 1331
f 1387 1355 1388
f 1342 1353 1385
f 1384 1355 1345
f 1314 1343 1312
f 1385 1353 1350
f 1346 1343 1314
f 1358 1340 1339
f 1312 1343 1336
f 1342 1340 1353
f 1392 1393 1315
f 1394 1395 1396
f 1397 1395 1398
f 1399 1395 1397
f 1386 1400 1389
f 1396 1395 1399
f 1401 1400 1392
f 1332 1402 1327
f 1392 1400 1393
f 1393 1400 1386
f 1401 1403 1400
f 1404 1402 1332
f 1389 1403 1391
f 1391 1403 1390
f 1398 1405 1404
f 1390 1403 1406
f 1406 1403 1407
f 1407 1403 1408
f 1408 1403 1401
f 1400 1403 1389
f 1404 1405 1402
f 1409 1410 1394
f 1395 1410 1398
f 1394 1410 1395
f 1398 1410 1405
f 1327 1411 1326
f 1402 1411 1327
f 1405 1412 1402
f 1402 1412 1411
f 1410 1413 1405
f 1414 1413 1409
f 1409 1413 1410
f 1405 1413 1412
f 1326 1415 1325
f 1411 1415 1326
f 1412 1416 1411
f 1411 1416 1415
f 1412 1417 1416
f 1418 1417 1414
f 1413 1417 1412
f 1414 1417 1413
f 1415 1419 1325
f 1325 1419 1324
f 1416 1420 1415
f 1415 1420 1419
f 1418 1421 1417
f 1422 1421 1418
f 1417 1421 1416
f 1416 1421 1420
f 1324 1423 1323
f 1419 1423 1324
f 1420 1424 1419
f 1419 1424 1423
f 1422 1425 1421
f 1420 1425 1424
f 1426 1425 1422
f 1421 1425 1420
f 1323 1427 1320
f 1423 1427 1323
f 1424 1428 1423
f 1423 1428 1427
f 1429 1430 1426
f 1425 1430 1424
f 1426 1430 1425
f 1424 1430 1428
f 1320 1431 1310
f 1427 1431 1320
f 1428 1432 1427
f 1427 1432 1431
f 1433 1434 1429
f 1429 1434 1430
f 1430 1434 1428
f 1428 1434 1432
f 1310 1435 1311
f 1431 1435 1310
f 1431 1436 1435
f 1313 1437 1334
f 1432 1436 1431
f 1336 1437 1313
f 1438 1439 1433
f 1433 1439 1434
f 1434 1439 1432
f 1432 1439 1436
f 1338 1397 1336
f 1311 1392 1315
f 1435 1392 1311
f 1336 1397 1437
f 1396 1399 1349
f 1348 1399 1338
f 1349 1399 1348
f 1436 1401 1435
f 1338 1399 1397
f 1435 1401 1392
f 1334 1404 1332
f 1407 1408 1438
f 1438 1408 1439
f 1437 1404 1334
f 1439 1408 1436
f 1397 1398 1437
f 1436 1408 1401
f 1322 1393 1321
f 1315 1393 1322
f 1321 1393 1386
f 1437 1398 1404
f 1396 1349 1440
f 1396 1440 1441
f 1394 1441 1442
f 1394 1396 1441
f 1409 1442 1443
f 1409 1394 1442
f 1414 1443 1444
f 1414 1409 1443
f 1418 1444 1445
f 1418 1414 1444
f 1422 1445 1446
f 1422 1418 1445
f 1426 1446 1447
f 1426 1422 1446
f 1429 1447 1448
f 1429 1426 1447
f 1433 1448 1449
f 1433 1429 1448
f 1438 1449 1450
f 1438 1433 1449
f 1407 1450 1451
f 1407 1438 1450
f 1406 1451 1452
f 1406 1407 1451
f 1390 1452 1453
f 1390 1406 1452
f 1339 1453 1454
f 1339 1390 1453
f 1358 1454 1455
f 1358 1339 1454
f 1356 1455 1456
f 1356 1358 1455
f 1362 1456 1457
f 1362 1356 1456
f 1366 1457 1458
f 1366 1362 1457
f 1370 1458 1459
f 1370 1366 1458
f 1374 1459 1460
f 1374 1370 1459
f 1377 1460 1461
f 1377 1374 1460
f 1381 1461 1462
f 1381 1377 1461
f 1387 1462 1463
f 1387 1381 1462
f 1352 1463 1464
f 1352 1387 1463
f 1351 1464 1465
f 1351 1352 1464
f 1349 1465 1440
f 1349 1351 1465
f 1440 1465 1466
f 1466 1465 1467
f 1467 1464 1468
f 1465 1464 1467
f 1468 1463 1469
f 1464 1463 1468
f 1469 1462 1470
f 1463 1462 1469
f 1470 1461 1471
f 1462 1461 1470
f 1471 1460 1472
f 1461 1460 1471
f 1472 1459 1473
f 1460 1459 1472
f 1473 1458 1474
f 1459 1458 1473
f 1474 1457 1475
f 1458 1457 1474
f 1475 1456 1476
f 1457 1456 1475
f 1476 1455 1477
f 1456 1455 1476
f 1477 1454 1478
f 1455 1454 1477
f 1478 1453 1479
f 1454 1453 1478
f 1453 1452 1479
f 1479 1452 1480
f 1480 1451 1481
f 1452 1451 1480
f 1481 1450 1482
f 1451 1450 1481
f 1482 1449 1483
f 1450 1449 1482
f 1483 1448 1484
f 1449 1448 1483
f 1484 1447 1485
f 1448 1447 1484
f 1485 1446 1486
f 1447 1446 1485
f 1486 1445 1487
f 1446 1445 1486
f 1487 1444 1488
f 1445 1444 1487
f 1488 1443 1489
f 1444 1443 1488
f 1489 1442 1490
f 1443 1442 1489
f 1490 1441 1491
f 1442 1441 1490
f 1491 1440 1466
f 1441 1440 1491
f 1492 1493 1466
f 1466 1493 1491
f 1491 1494 1490
f 1493 1494 1491
f 1490 1495 1489
f 1494 1495 1490
f 1489 1496 1488
f 1495 1496 1489
f 1488 1497 1487
f 1496 1497 1488
f 1487 1498 1486
f 1497 1498 1487
f 1486 1499 1485
f 1498 1499 1486
f 1485 1500 1484
f 1499 1500 1485
f 1484 1501 1483
f 1500 1501 1484
f 1483 1502 1482
f 1501 1502 1483
f 1482 1503 1481
f 1502 1503 1482
f 1481 1504 1480
f 1503 1504 1481
f 1480 1505 1479
f 1504 1505 1480
f 1505 1506 1479
f 1479 1506 1478
f 1478 1507 1477
f 1506 1507 1478
f 1477 1508 1476
f 1507 1508 1477
f 1476 1509 1475
f 1508 1509 1476
f 1475 1510 1474
f 1509 1510 1475
f 1474 1511 1473
f 1510 1511 1474
f 1473 1512 1472
f 1511 1512 1473
f 1472 1513 1471
f 1512 1513 1472
f 1471 1514 1470
f 1513 1514 1471
f 1470 1515 1469
f 1514 1515 1470
f 1469 1516 1468
f 1515 1516 1469
f 1468 1517 1467
f 1516 1517 1468
f 1467 1492 1466
f 1517 1492 1467
f 1518 1519 1520
f 1521 1506 1505
f 1518 1520 1522
f 1521 1505 1523
f 1521 1523 1524
f 1521 1524 1525
f 1526 1525 1527
f 1528 528 527
f 1526 1527 1529
f 1528 527 1530
f 1528 1522 528
f 1531 1516 1515
f 1531 1515 1532
f 1531 1519 1518
f 1533 579 586
f 1531 1532 1519
f 1533 1529 579
f 1534 1528 1530
f 1535 1507 1506
f 1534 1530 1536
f 1534 1518 1522
f 1535 1506 1521
f 1534 1522 1528
f 1535 1521 1525
f 1535 1525 1526
f 1537 1538 1492
f 1537 1536 1538
f 1539 1526 1529
f 1537 1517 1516
f 1537 1492 1517
f 1539 1529 1533
f 1537 1516 1531
f 1537 1534 1536
f 1537 1531 1518
f 1537 1518 1534
f 1540 586 582
f 1540 1533 586
f 1541 1508 1507
f 1541 1507 1535
f 1541 1526 1539
f 1541 1535 1526
f 1542 1533 1540
f 1542 1539 1533
f 1543 582 575
f 1543 1540 582
f 1544 1509 1508
f 1544 1541 1539
f 1544 1508 1541
f 1544 1539 1542
f 1545 1542 1540
f 1545 1540 1543
f 1546 1543 575
f 1546 575 577
f 1547 1510 1509
f 1547 1542 1545
f 1547 1509 1544
f 1547 1544 1542
f 1548 1543 1546
f 1548 1545 1543
f 1549 1546 577
f 1549 577 603
f 1550 1510 1547
f 1550 1511 1510
f 1550 1545 1548
f 1550 1547 1545
f 1551 1548 1546
f 1551 1546 1549
f 1552 1549 603
f 1552 603 599
f 1553 1512 1511
f 1553 1511 1550
f 1553 1550 1548
f 1553 1548 1551
f 1554 1551 1549
f 1554 1549 1552
f 1555 1552 599
f 1555 599 530
f 1530 527 525
f 1556 1513 1512
f 1556 1551 1554
f 1556 1512 1553
f 1556 1553 1551
f 1557 1554 1552
f 1557 1552 1555
f 1520 530 529
f 1520 1555 530
f 1558 1514 1513
f 1558 1554 1557
f 1558 1513 1556
f 1558 1556 1554
f 1519 1557 1555
f 1519 1555 1520
f 1527 1559 606
f 1527 606 581
f 1522 529 528
f 1525 1524 1559
f 1522 1520 529
f 1532 1515 1514
f 1525 1559 1527
f 1532 1514 1558
f 1532 1557 1519
f 1532 1558 1557
f 1529 581 579
f 1529 1527 581
f 1560 1503 1502
f 1561 1562 1563
f 1560 1502 1564
f 1565 523 521
f 1560 1564 1566
f 1565 521 520
f 1560 1566 1567
f 1568 1559 1524
f 1565 1569 523
f 1568 1567 1570
f 1571 1562 1561
f 1568 1572 1559
f 1571 1494 1493
f 1568 1570 1572
f 1571 1573 1562
f 1574 1524 1523
f 1571 1493 1573
f 1574 1504 1503
f 1574 1503 1560
f 1575 1561 1569
f 1574 1567 1568
f 1574 1568 1524
f 1574 1560 1567
f 1575 1569 1565
f 1574 1523 1504
f 1576 1565 520
f 1577 1495 1494
f 1577 1571 1561
f 1577 1561 1575
f 1577 1494 1571
f 1578 1565 1576
f 1578 1575 1565
f 1579 520 583
f 1579 1576 520
f 1580 1496 1495
f 1580 1575 1578
f 1580 1577 1575
f 1580 1495 1577
f 1581 1578 1576
f 1581 1576 1579
f 1582 583 584
f 1582 1579 583
f 1583 1497 1496
f 1583 1496 1580
f 1583 1580 1578
f 1583 1578 1581
f 1584 1581 1579
f 1584 1579 1582
f 1585 584 588
f 1585 1582 584
f 1586 1498 1497
f 1586 1583 1581
f 1586 1581 1584
f 1586 1497 1583
f 1587 1584 1582
f 1587 1582 1585
f 1588 588 591
f 1588 1585 588
f 1589 1586 1584
f 1589 1584 1587
f 1589 1499 1498
f 1589 1498 1586
f 1590 1587 1585
f 1590 1585 1588
f 1591 591 593
f 1591 1588 591
f 1592 1500 1499
f 1592 1499 1589
f 1592 1589 1587
f 1592 1587 1590
f 1593 1590 1588
f 1593 1588 1591
f 1594 593 596
f 1594 1591 593
f 1595 1501 1500
f 1595 1500 1592
f 1595 1592 1590
f 1595 1590 1593
f 1566 1593 1591
f 1566 1591 1594
f 1505 1504 1523
f 1563 1530 525
f 1570 596 598
f 1563 525 524
f 1570 1594 596
f 1562 1536 1530
f 1564 1502 1501
f 1564 1501 1595
f 1564 1595 1593
f 1562 1530 1563
f 1569 524 523
f 1564 1593 1566
f 1569 1563 524
f 1567 1566 1594
f 1567 1594 1570
f 1573 1493 1492
f 1573 1492 1538
f 1573 1538 1536
f 1572 598 602
f 1572 602 606
f 1573 1536 1562
f 1572 606 1559
f 1572 1570 598
f 1561 1563 1569
f 510 496 492
f 1304 518 510
f 1304 510 492
f 1298 492 486
f 1298 1304 492
f 1299 486 488
f 1299 1298 486
f 1300 488 489
f 1300 1299 488
f 1302 489 491
f 1302 1300 489
f 1306 491 495
f 1306 1302 491
f 481 495 480
f 481 1306 495
f 506 1306 481
f 1596 1287 1597
f 1597 1285 1598
f 1287 1285 1597
f 1598 1286 1599
f 1285 1286 1598
f 1599 1290 1600
f 1286 1290 1599
f 1600 1292 1296
f 1290 1292 1600
f 1292 1293 1296
f 1287 1596 1601
f 1291 1287 1601
f 1602 1601 1603
f 1602 1603 1604
f 1602 1291 1601
f 1605 1603 1606
f 1605 1604 1603
f 1607 1606 1608
f 1607 1605 1606
f 1288 1602 1609
f 1288 1609 1610
f 1288 1291 1602
f 1611 1607 1608
f 1612 1611 1608
f 1283 1610 1613
f 1283 1288 1610
f 1614 1611 1612
f 1281 1613 1615
f 1281 1615 1616
f 1281 1283 1613
f 1278 1616 1617
f 1278 1281 1616
f 1617 1616 1618
f 1618 1616 1619
f 1619 1615 1620
f 1616 1615 1619
f 1620 1613 1621
f 1615 1613 1620
f 1621 1610 1622
f 1613 1610 1621
f 1622 1609 1623
f 1610 1609 1622
f 1623 1602 1624
f 1624 1602 1625
f 1609 1602 1623
f 1625 1604 1626
f 1602 1604 1625
f 1626 1605 1627
f 1604 1605 1626
f 1627 1607 1628
f 1605 1607 1627
f 1628 1611 1629
f 1607 1611 1628
f 1629 1614 1630
f 1611 1614 1629
f 1279 1617 1618
f 1279 1278 1617
f 1630 1612 1631
f 1630 1614 1612
f 1241 1624 1632
f 1624 1625 1632
f 1241 1240 1624
f 1240 1623 1624
f 1632 1626 1633
f 1625 1626 1632
f 1633 1627 1634
f 1626 1627 1633
f 1623 1289 1622
f 1240 1289 1623
f 1634 1628 1635
f 1627 1628 1634
f 1622 1284 1621
f 1289 1284 1622
f 1628 1629 1635
f 1629 1631 1635
f 1621 1282 1620
f 1284 1282 1621
f 1629 1630 1631
f 1620 1280 1619
f 1282 1280 1620
f 1619 1279 1618
f 1280 1279 1619
f 1636 1250 1637
f 1637 1250 1638
f 1638 1250 1294
f 1636 1639 1250
f 1639 1253 1250
f 1639 1640 1253
f 1640 1256 1253
f 1640 1641 1256
f 1641 1257 1256
f 1641 1642 1257
f 1642 1643 1257
f 1642 1644 1643
f 1644 1645 1643
f 1645 1646 1647
f 1644 1646 1645
f 1647 1648 1649
f 1646 1648 1647
f 1649 1650 1651
f 1648 1650 1649
f 1651 1652 1653
f 1650 1652 1651
f 1631 1612 1635
f 1635 1608 1634
f 1612 1608 1635
f 1634 1606 1633
f 1608 1606 1634
f 1242 1597 1245
f 1245 1597 1246
f 1597 1598 1246
f 1241 1596 1242
f 1242 1596 1597
f 1633 1603 1632
f 1606 1603 1633
f 1598 1599 1246
f 1632 1601 1241
f 1241 1601 1596
f 1603 1601 1632
f 1599 1600 1246
f 1600 1296 1246
f 1654 1651 1653
f 1654 1655 1651
f 1655 1649 1651
f 1277 1656 1657
f 1655 1658 1649
f 1658 1647 1649
f 1277 1275 1656
f 1275 1659 1656
f 1658 1660 1647
f 1660 1645 1647
f 1659 1273 1661
f 1275 1273 1659
f 1660 1662 1645
f 1661 1271 1663
f 1273 1271 1661
f 1645 1664 1643
f 1662 1664 1645
f 1664 1665 1643
f 1665 1257 1643
f 1663 1269 1666
f 1271 1269 1663
f 1666 1267 1665
f 1269 1267 1666
f 1267 1258 1665
f 1665 1258 1257
f 1667 1668 1654
f 1654 1668 1655
f 1655 1669 1658
f 1668 1669 1655
f 1658 1670 1660
f 1669 1670 1658
f 1660 1671 1662
f 1670 1671 1660
f 1662 1672 1664
f 1671 1672 1662
f 1664 1673 1665
f 1665 1673 1666
f 1672 1673 1664
f 1666 1674 1663
f 1673 1674 1666
f 1663 1675 1661
f 1674 1675 1663
f 1661 1676 1659
f 1675 1676 1661
f 1659 1677 1656
f 1676 1677 1659
f 1656 1678 1657
f 1677 1678 1656
f 1667 1653 1652
f 1667 1654 1653
f 1276 1657 1678
f 1276 1277 1657
f 1668 1667 1652
f 1668 1652 1650
f 1669 1668 1650
f 1670 1650 1648
f 1670 1669 1650
f 1677 1276 1678
f 1671 1648 1646
f 1671 1670 1648
f 1274 1677 1676
f 1274 1276 1677
f 1672 1671 1646
f 1644 1672 1646
f 1673 1672 1644
f 1272 1676 1675
f 1272 1274 1676
f 1270 1675 1674
f 1270 1674 1673
f 1270 1272 1675
f 1268 1673 1644
f 1268 1270 1673
f 1266 1644 1642
f 1266 1268 1644
f 1265 1642 1641
f 1265 1266 1642
f 1294 1262 1638
f 1638 1261 1637
f 1262 1261 1638
f 1637 1260 1636
f 1261 1260 1637
f 1636 1259 1639
f 1260 1259 1636
f 1639 1263 1640
f 1259 1263 1639
f 1263 1264 1640
f 1640 1265 1641
f 1264 1265 1640
f 683 682 1679
f 1679 682 1680
f 670 683 1681
f 1681 683 1679
f 669 1681 1682
f 669 670 1681
f 709 710 1683
f 1683 710 656
f 668 669 658
f 658 669 1682
f 706 1683 1684
f 706 709 1683
f 712 706 1685
f 1685 706 1684
f 707 712 1686
f 1686 712 1685
f 438 399 406
f 682 399 438
f 1680 682 438
f 457 1680 438
f 1686 1680 457
f 477 707 1686
f 475 477 1686
f 475 1686 457
f 511 707 477
f 483 511 477
f 1687 1688 1689
f 1687 1690 1688
f 1691 1683 656
f 1692 1691 656
f 1693 1694 1695
f 1693 1696 1694
f 1697 1691 1692
f 1698 1692 656
f 1699 1698 656
f 1700 1701 1698
f 1702 1703 1704
f 1700 1698 1699
f 1702 1704 1705
f 1706 1699 656
f 1707 1708 1709
f 1707 1709 1710
f 1684 1691 1711
f 658 1712 656
f 1684 1683 1691
f 658 1713 1712
f 658 1689 1688
f 658 1688 1713
f 658 1694 1689
f 658 1695 1694
f 658 1704 1695
f 658 1705 1704
f 1714 1706 656
f 658 1709 1705
f 1715 1716 1706
f 658 1710 1709
f 1715 1706 1714
f 1717 1710 658
f 1718 1714 656
f 1719 1717 658
f 1685 1684 1711
f 1720 1721 1717
f 1720 1717 1719
f 1722 1718 656
f 1723 1724 1718
f 1723 1718 1722
f 1725 1719 658
f 1726 1722 656
f 1727 658 1682
f 1727 1728 1725
f 1727 1725 658
f 1729 1726 656
f 1730 1726 1729
f 1730 1731 1726
f 1732 1729 656
f 1733 1732 656
f 1734 1732 1733
f 1734 1735 1732
f 1712 1733 656
f 1681 1736 1727
f 1681 1679 1736
f 1681 1727 1682
f 1711 1736 1679
f 1711 1679 1680
f 1711 1680 1685
f 1685 1680 1686
f 1727 1691 1697
f 1727 1697 1701
f 1727 1701 1700
f 1727 1700 1716
f 1737 1712 1713
f 1727 1716 1715
f 1727 1715 1724
f 1737 1738 1712
f 1727 1724 1723
f 1727 1723 1731
f 1727 1731 1730
f 1727 1730 1735
f 1727 1735 1734
f 1727 1734 1738
f 1727 1738 1737
f 1727 1737 1690
f 1727 1690 1687
f 1727 1687 1696
f 1727 1696 1693
f 1727 1693 1703
f 1727 1703 1702
f 1727 1702 1708
f 1727 1708 1707
f 1727 1707 1721
f 1727 1721 1720
f 1727 1720 1728
f 1739 1740 1741
f 1740 1742 1741
f 1727 1736 1740
f 1740 1736 1742
f 1743 1691 1727
f 1743 1727 1740
f 1743 1744 1745
f 1746 1743 1745
f 1711 1691 1743
f 1711 1743 1746
f 1711 1742 1736
f 1711 1746 1742
f 1747 1748 1749
f 1750 1751 1752
f 1750 1753 1751
f 1747 1754 1748
f 1755 1756 1757
f 1755 1757 1754
f 1758 1759 1741
f 1760 1761 1762
f 1760 1762 1763
f 1764 1756 1755
f 1764 1765 1756
f 1766 1767 1753
f 1766 1753 1750
f 1768 1755 1769
f 1770 1760 1763
f 1771 1772 1773
f 1768 1764 1755
f 1771 1774 1772
f 1770 1763 1775
f 1776 1777 1765
f 1778 1779 1780
f 1776 1745 1777
f 1778 1781 1779
f 1776 1765 1764
f 1782 1783 1761
f 1784 1766 1750
f 1782 1761 1760
f 1784 1750 1785
f 1746 1786 1768
f 1746 1776 1786
f 1787 1788 1789
f 1746 1745 1776
f 1787 1790 1788
f 1742 1746 1768
f 1742 1768 1769
f 1742 1769 1747
f 1742 1747 1749
f 1742 1749 1791
f 1792 1793 1767
f 1794 1758 1741
f 1742 1791 1795
f 1792 1767 1766
f 1742 1795 1796
f 1742 1796 1797
f 1742 1797 1784
f 1794 1741 1742
f 1742 1784 1785
f 1742 1785 1798
f 1742 1798 1799
f 1742 1799 1800
f 1742 1800 1801
f 1742 1801 1802
f 1742 1802 1803
f 1742 1803 1770
f 1742 1770 1775
f 1742 1775 1804
f 1742 1804 1805
f 1806 1807 1783
f 1808 1794 1742
f 1742 1805 1809
f 1806 1783 1782
f 1742 1809 1810
f 1742 1810 1808
f 1811 1812 1813
f 1811 1814 1812
f 1815 1816 1793
f 1802 1782 1803
f 1817 1758 1794
f 1815 1793 1792
f 1802 1806 1782
f 1817 1773 1758
f 1751 1818 1819
f 1751 1820 1818
f 1821 1780 1807
f 1796 1815 1792
f 1796 1792 1797
f 1821 1807 1806
f 1757 1822 1823
f 1757 1824 1822
f 1825 1789 1816
f 1825 1816 1815
f 1826 1771 1773
f 1826 1773 1817
f 1827 1778 1780
f 1809 1826 1817
f 1827 1780 1821
f 1809 1817 1810
f 1761 1828 1762
f 1761 1829 1828
f 1830 1787 1789
f 1800 1827 1821
f 1831 1813 1771
f 1830 1789 1825
f 1800 1821 1801
f 1831 1771 1826
f 1767 1832 1753
f 1767 1833 1832
f 1791 1825 1795
f 1834 1819 1778
f 1791 1830 1825
f 1834 1778 1827
f 1765 1835 1756
f 1765 1836 1835
f 1748 1823 1787
f 1748 1787 1830
f 1837 1811 1813
f 1837 1813 1831
f 1804 1837 1831
f 1752 1819 1834
f 1804 1831 1805
f 1752 1751 1819
f 1807 1838 1783
f 1807 1839 1838
f 1745 1840 1777
f 1763 1762 1811
f 1798 1752 1834
f 1763 1811 1837
f 1798 1834 1799
f 1754 1757 1823
f 1816 1841 1793
f 1754 1823 1748
f 1816 1842 1841
f 1843 1844 1764
f 1843 1764 1768
f 1844 1776 1764
f 1844 1845 1776
f 1845 1786 1776
f 1845 1846 1786
f 1846 1768 1786
f 1846 1843 1768
f 1845 1844 1843
f 1845 1843 1846
f 1847 1848 1849
f 1847 1850 1848
f 1851 1701 1697
f 1851 1852 1701
f 1849 1848 1765
f 1849 1765 1777
f 1852 1698 1701
f 1852 1853 1698
f 1848 1836 1765
f 1848 1850 1836
f 1854 1814 1855
f 1856 1832 1820
f 1857 1694 1858
f 1857 1689 1694
f 1859 1824 1860
f 1856 1820 1861
f 1859 1835 1824
f 1829 1862 1863
f 1829 1863 1828
f 1836 1853 1864
f 1836 1864 1835
f 1865 1725 1866
f 1836 1867 1853
f 1868 1726 1869
f 1865 1719 1725
f 1868 1722 1726
f 1833 1870 1871
f 1840 1867 1836
f 1833 1872 1832
f 1833 1871 1872
f 1838 1873 1862
f 1838 1862 1829
f 1847 1836 1850
f 1847 1840 1836
f 1745 1744 1867
f 1841 1870 1833
f 1745 1867 1840
f 1874 1838 1829
f 1875 1717 1876
f 1875 1710 1717
f 1874 1829 1877
f 1759 1739 1741
f 1759 1866 1739
f 1878 1841 1833
f 1879 1688 1880
f 1879 1713 1688
f 1878 1833 1881
f 1839 1858 1873
f 1839 1873 1838
f 1772 1865 1866
f 1772 1866 1759
f 1882 1718 1883
f 1882 1714 1718
f 1842 1870 1841
f 1842 1869 1870
f 1779 1857 1858
f 1779 1858 1839
f 1884 1759 1885
f 1884 1772 1759
f 1788 1868 1869
f 1788 1869 1842
f 1863 1709 1886
f 1887 1839 1888
f 1863 1705 1709
f 1887 1779 1839
f 1774 1876 1865
f 1774 1865 1772
f 1889 1788 1842
f 1872 1712 1890
f 1889 1842 1891
f 1872 1733 1712
f 1781 1880 1857
f 1812 1876 1774
f 1781 1857 1779
f 1812 1875 1876
f 1864 1706 1892
f 1864 1699 1706
f 1790 1868 1788
f 1790 1883 1868
f 1818 1879 1880
f 1818 1880 1781
f 1893 1812 1774
f 1893 1774 1894
f 1822 1882 1883
f 1822 1883 1790
f 1873 1704 1862
f 1895 1781 1896
f 1873 1695 1704
f 1895 1818 1781
f 1814 1875 1812
f 1814 1886 1875
f 1897 1790 1898
f 1897 1822 1790
f 1870 1732 1871
f 1870 1729 1732
f 1820 1879 1818
f 1820 1890 1879
f 1828 1863 1886
f 1867 1698 1853
f 1828 1886 1814
f 1867 1692 1698
f 1824 1892 1882
f 1824 1882 1822
f 1832 1890 1820
f 1832 1872 1890
f 1835 1864 1892
f 1835 1892 1824
f 1854 1828 1814
f 1865 1720 1719
f 1865 1899 1720
f 1884 1773 1772
f 1884 1900 1773
f 1899 1728 1720
f 1899 1901 1728
f 1900 1902 1758
f 1900 1758 1773
f 1901 1725 1728
f 1901 1866 1725
f 1902 1759 1758
f 1902 1885 1759
f 1901 1740 1739
f 1892 1903 1882
f 1892 1904 1903
f 1866 1901 1739
f 1853 1905 1864
f 1853 1852 1905
f 1876 1899 1865
f 1876 1906 1899
f 1744 1851 1867
f 1744 1743 1851
f 1886 1907 1875
f 1743 1740 1901
f 1886 1908 1907
f 1743 1901 1899
f 1743 1899 1906
f 1743 1906 1907
f 1743 1907 1908
f 1743 1908 1909
f 1743 1909 1910
f 1743 1910 1911
f 1743 1911 1912
f 1743 1912 1913
f 1743 1913 1914
f 1743 1914 1915
f 1743 1915 1916
f 1743 1916 1917
f 1743 1917 1918
f 1743 1918 1919
f 1743 1919 1920
f 1743 1920 1921
f 1743 1921 1922
f 1862 1909 1863
f 1743 1922 1903
f 1743 1903 1904
f 1862 1910 1909
f 1743 1904 1905
f 1743 1905 1852
f 1743 1852 1851
f 1858 1911 1873
f 1858 1912 1911
f 1880 1913 1857
f 1880 1914 1913
f 1890 1916 1915
f 1890 1915 1879
f 1871 1918 1917
f 1871 1917 1872
f 1869 1920 1919
f 1869 1919 1870
f 1883 1921 1868
f 1883 1922 1921
f 1867 1697 1692
f 1867 1851 1697
f 1847 1849 1777
f 1847 1777 1840
f 1864 1700 1699
f 1864 1905 1700
f 1859 1756 1835
f 1859 1923 1756
f 1905 1716 1700
f 1905 1904 1716
f 1923 1924 1757
f 1923 1757 1756
f 1904 1706 1716
f 1904 1892 1706
f 1924 1824 1757
f 1924 1860 1824
f 1925 1926 1927
f 1925 1927 1928
f 1859 1924 1923
f 1859 1860 1924
f 1927 1754 1747
f 1927 1926 1754
f 1926 1755 1754
f 1926 1925 1755
f 1925 1769 1755
f 1925 1928 1769
f 1928 1747 1769
f 1928 1927 1747
f 1882 1715 1714
f 1882 1903 1715
f 1897 1823 1822
f 1897 1929 1823
f 1903 1724 1715
f 1903 1922 1724
f 1929 1930 1787
f 1929 1787 1823
f 1922 1718 1724
f 1922 1883 1718
f 1930 1790 1787
f 1930 1898 1790
f 1931 1932 1933
f 1931 1933 1934
f 1897 1930 1929
f 1897 1898 1930
f 1933 1830 1791
f 1933 1932 1830
f 1932 1748 1830
f 1932 1931 1748
f 1931 1749 1748
f 1931 1934 1749
f 1934 1791 1749
f 1934 1933 1791
f 1868 1723 1722
f 1868 1921 1723
f 1889 1789 1788
f 1889 1935 1789
f 1921 1731 1723
f 1921 1920 1731
f 1935 1936 1816
f 1935 1816 1789
f 1920 1726 1731
f 1920 1869 1726
f 1936 1842 1816
f 1936 1891 1842
f 1937 1938 1939
f 1937 1939 1940
f 1889 1936 1935
f 1889 1891 1936
f 1939 1815 1796
f 1939 1938 1815
f 1938 1825 1815
f 1938 1937 1825
f 1937 1795 1825
f 1937 1940 1795
f 1940 1796 1795
f 1940 1939 1796
f 1870 1730 1729
f 1870 1919 1730
f 1878 1793 1841
f 1878 1941 1793
f 1919 1735 1730
f 1919 1918 1735
f 1941 1942 1767
f 1941 1767 1793
f 1918 1732 1735
f 1918 1871 1732
f 1942 1833 1767
f 1942 1881 1833
f 1943 1944 1945
f 1943 1945 1946
f 1878 1942 1941
f 1878 1881 1942
f 1945 1766 1784
f 1945 1944 1766
f 1944 1792 1766
f 1944 1943 1792
f 1943 1797 1792
f 1943 1946 1797
f 1946 1784 1797
f 1946 1945 1784
f 1872 1734 1733
f 1872 1917 1734
f 1856 1753 1832
f 1856 1947 1753
f 1917 1738 1734
f 1917 1916 1738
f 1947 1948 1751
f 1947 1751 1753
f 1916 1712 1738
f 1916 1890 1712
f 1948 1820 1751
f 1948 1861 1820
f 1949 1950 1951
f 1949 1951 1952
f 1856 1948 1947
f 1856 1861 1948
f 1951 1752 1798
f 1951 1950 1752
f 1950 1750 1752
f 1950 1949 1750
f 1949 1785 1750
f 1949 1952 1785
f 1952 1798 1785
f 1952 1951 1798
f 1879 1737 1713
f 1879 1915 1737
f 1895 1819 1818
f 1895 1953 1819
f 1915 1690 1737
f 1915 1914 1690
f 1953 1954 1778
f 1953 1778 1819
f 1914 1688 1690
f 1914 1880 1688
f 1954 1781 1778
f 1954 1896 1781
f 1955 1956 1957
f 1955 1957 1958
f 1895 1954 1953
f 1895 1896 1954
f 1957 1827 1800
f 1957 1956 1827
f 1956 1834 1827
f 1956 1955 1834
f 1955 1799 1834
f 1955 1958 1799
f 1958 1800 1799
f 1958 1957 1800
f 1857 1687 1689
f 1857 1913 1687
f 1887 1780 1779
f 1887 1959 1780
f 1913 1696 1687
f 1913 1912 1696
f 1959 1960 1807
f 1959 1807 1780
f 1912 1694 1696
f 1912 1858 1694
f 1960 1839 1807
f 1960 1888 1839
f 1961 1962 1963
f 1961 1963 1964
f 1887 1960 1959
f 1887 1888 1960
f 1963 1806 1802
f 1963 1962 1806
f 1962 1821 1806
f 1962 1961 1821
f 1961 1801 1821
f 1961 1964 1801
f 1964 1802 1801
f 1964 1963 1802
f 1873 1693 1695
f 1873 1911 1693
f 1874 1783 1838
f 1874 1965 1783
f 1911 1703 1693
f 1911 1910 1703
f 1965 1966 1761
f 1965 1761 1783
f 1910 1704 1703
f 1910 1862 1704
f 1966 1829 1761
f 1966 1877 1829
f 1967 1968 1969
f 1967 1969 1970
f 1874 1966 1965
f 1874 1877 1966
f 1969 1760 1770
f 1969 1968 1760
f 1968 1782 1760
f 1968 1967 1782
f 1967 1803 1782
f 1967 1970 1803
f 1970 1770 1803
f 1970 1969 1770
f 1863 1702 1705
f 1863 1909 1702
f 1854 1762 1828
f 1854 1971 1762
f 1909 1708 1702
f 1909 1908 1708
f 1971 1972 1811
f 1971 1811 1762
f 1908 1709 1708
f 1908 1886 1709
f 1972 1814 1811
f 1972 1855 1814
f 1973 1974 1975
f 1973 1975 1976
f 1854 1972 1971
f 1854 1855 1972
f 1975 1837 1804
f 1975 1974 1837
f 1974 1763 1837
f 1974 1973 1763
f 1973 1775 1763
f 1973 1976 1775
f 1976 1804 1775
f 1976 1975 1804
f 1875 1707 1710
f 1875 1907 1707
f 1893 1813 1812
f 1893 1977 1813
f 1907 1721 1707
f 1907 1906 1721
f 1977 1978 1771
f 1977 1771 1813
f 1906 1717 1721
f 1906 1876 1717
f 1978 1774 1771
f 1978 1894 1774
f 1979 1980 1981
f 1979 1981 1982
f 1893 1978 1977
f 1893 1894 1978
f 1981 1826 1809
f 1981 1980 1826
f 1980 1831 1826
f 1980 1979 1831
f 1979 1805 1831
f 1979 1982 1805
f 1982 1809 1805
f 1982 1981 1809
f 1983 1984 1985
f 1983 1985 1986
f 1884 1902 1900
f 1884 1885 1902
f 1985 1794 1808
f 1985 1984 1794
f 1984 1817 1794
f 1984 1983 1817
f 1983 1810 1817
f 1983 1986 1810
f 1986 1808 1810
f 1986 1985 1808
f 475 457 459
f 478 475 459
f 379 403 387
f 461 379 303
f 461 403 379
f 478 459 461
f 472 478 461
f 392 515 472
f 388 515 392
f 357 392 472
f 303 357 472
f 303 472 461
f 515 512 472
f 472 512 473
f 473 537 471
f 537 532 471
f 473 512 537
f 512 614 537
f 614 517 533
f 512 517 614
f 533 526 614
f 614 526 615
f 526 530 615
f 530 627 615
f 530 600 627
f 600 604 627
f 627 604 634
f 634 608 645
f 604 608 634
f 645 574 637
f 608 574 645
f 590 589 616
f 616 589 617
f 617 589 655
f 655 587 535
f 589 587 655
f 587 534 535
f 1987 1988 601
f 637 1989 1990
f 1987 601 597
f 574 1989 637
f 623 1991 1992
f 623 625 1991
f 1993 1989 574
f 638 1990 1994
f 638 637 1990
f 1995 1987 597
f 1995 597 595
f 1996 574 576
f 1996 1993 574
f 621 1992 1997
f 621 623 1992
f 639 1994 1998
f 639 638 1994
f 1999 1995 595
f 1999 595 594
f 2000 576 585
f 2000 1996 576
f 620 1997 2001
f 620 621 1997
f 640 1998 2002
f 640 639 1998
f 2003 594 592
f 2003 1999 594
f 2004 585 578
f 2004 2000 585
f 616 2001 2005
f 616 620 2001
f 641 2002 2006
f 641 640 2002
f 590 616 2005
f 2007 592 590
f 2007 2003 592
f 2008 590 2005
f 2009 578 580
f 2009 2004 578
f 2008 2007 590
f 642 2006 2010
f 642 641 2006
f 2011 580 607
f 2011 2009 580
f 644 642 2010
f 644 2010 2012
f 2013 2011 607
f 2013 607 605
f 626 644 2012
f 626 2012 2014
f 1988 2013 605
f 1988 605 601
f 625 2014 1991
f 625 626 2014
f 2015 2005 2016
f 2015 2008 2005
f 2017 2016 2018
f 2017 2015 2016
f 2019 2018 2020
f 2019 2017 2018
f 2021 2020 2022
f 2021 2019 2020
f 2023 2022 2024
f 2023 2021 2022
f 2025 2024 2026
f 2025 2023 2024
f 2027 2026 2028
f 2027 2025 2026
f 2029 2028 2030
f 2029 2027 2028
f 2031 2030 2032
f 2031 2029 2030
f 2033 2032 2034
f 2033 2031 2032
f 2035 2034 2036
f 2035 2033 2034
f 2037 2036 2038
f 2037 2035 2036
f 1993 2038 1989
f 1993 2037 2038
f 2039 2040 2041
f 2039 2042 2040
f 2043 2044 2045
f 2043 2045 2046
f 2047 2048 2049
f 2050 2049 2051
f 2050 2047 2049
f 2052 2053 2048
f 2052 2048 2047
f 2054 2042 2039
f 2055 2051 2056
f 2055 2050 2051
f 2057 2058 2053
f 2057 2053 2052
f 2059 2055 2056
f 2060 2043 2046
f 2060 2046 2061
f 2062 2042 2054
f 2063 2064 2058
f 2062 2065 2042
f 2062 2066 2065
f 2067 2060 2061
f 2063 2058 2057
f 2068 2056 2069
f 2067 2061 2070
f 2067 2070 2071
f 2068 2059 2056
f 2072 2066 2062
f 2073 2074 2075
f 2073 2075 2064
f 2076 2071 2077
f 2076 2067 2071
f 2073 2064 2063
f 2078 2069 2079
f 2080 2066 2072
f 2080 2081 2066
f 2078 2068 2069
f 2082 2077 2083
f 2082 2076 2077
f 2084 2082 2083
f 2084 2083 2081
f 2084 2081 2080
f 2085 2074 2073
f 2086 2079 2087
f 2086 2078 2079
f 2088 2074 2085
f 2089 2088 2085
f 2090 2086 2087
f 2041 2090 2087
f 2040 2090 2041
f 2044 2088 2089
f 2044 2089 2045
f 2035 2091 2033
f 2035 2092 2091
f 1987 1995 2093
f 1987 2093 2094
f 2095 2019 2021
f 2096 2021 2023
f 2096 2095 2021
f 2097 2017 2019
f 2097 2019 2095
f 2037 2092 2035
f 2098 2023 2025
f 2098 2096 2023
f 2099 2015 2017
f 2099 2017 2097
f 2100 2098 2025
f 1988 1987 2094
f 1988 2094 2101
f 1993 2092 2037
f 2102 2008 2015
f 1993 2103 2092
f 1993 2104 2103
f 2013 1988 2101
f 2102 2015 2099
f 2105 2025 2027
f 2013 2101 2106
f 2013 2106 2107
f 2105 2100 2025
f 1996 2104 1993
f 2108 2003 2007
f 2108 2007 2008
f 2011 2107 2109
f 2011 2013 2107
f 2108 2008 2102
f 2110 2027 2029
f 2000 2104 1996
f 2000 2111 2104
f 2110 2105 2027
f 2009 2109 2112
f 2009 2011 2109
f 2004 2009 2112
f 2004 2112 2111
f 2004 2111 2000
f 2113 2003 2108
f 2114 2029 2031
f 2114 2110 2029
f 1999 2003 2113
f 2115 1999 2113
f 2116 2114 2031
f 2033 2116 2031
f 2091 2116 2033
f 1995 1999 2115
f 1995 2115 2093
f 2117 2063 2118
f 2118 2057 2119
f 2063 2057 2118
f 2119 2052 2120
f 2057 2052 2119
f 2052 2047 2120
f 2120 2050 2121
f 2047 2050 2120
f 2121 2055 2122
f 2122 2055 2123
f 2050 2055 2121
f 2123 2059 2124
f 2055 2059 2123
f 2124 2068 2125
f 2059 2068 2124
f 2068 2078 2125
f 2125 2086 2126
f 2078 2086 2125
f 2126 2090 2127
f 2127 2090 2128
f 2086 2090 2126
f 2128 2040 2129
f 2090 2040 2128
f 2129 2042 2130
f 2040 2042 2129
f 2042 2065 2130
f 2122 2119 2120
f 2122 2120 2121
f 2117 2118 2119
f 2131 2132 2133
f 2131 2133 2117
f 2131 2119 2122
f 2131 2117 2119
f 2134 2131 2122
f 2135 2134 2122
f 2130 2127 2128
f 2130 2128 2129
f 2136 2137 2135
f 2136 2122 2123
f 2136 2135 2122
f 2138 2123 2124
f 2138 2124 2125
f 2138 2125 2126
f 2138 2126 2127
f 2138 2136 2123
f 2139 2130 2140
f 2141 2142 2138
f 2141 2127 2130
f 2141 2130 2139
f 2141 2138 2127
f 2143 2144 2145
f 2143 2145 2146
f 2147 2148 2144
f 2149 2150 2151
f 2149 2151 2147
f 2149 2144 2143
f 2149 2147 2144
f 2152 2149 2143
f 2153 2152 2143
f 2154 2155 2156
f 2154 2156 2157
f 2158 2143 2159
f 2158 2160 2153
f 2158 2153 2143
f 2161 2159 2162
f 2161 2162 2163
f 2161 2163 2164
f 2161 2164 2155
f 2161 2158 2159
f 2165 2154 2166
f 2167 2168 2161
f 2167 2161 2155
f 2167 2155 2154
f 2167 2154 2165
f 2130 2065 2140
f 2140 2066 2139
f 2065 2066 2140
f 2139 2081 2141
f 2066 2081 2139
f 2081 2083 2141
f 2141 2077 2142
f 2083 2077 2141
f 2142 2071 2138
f 2077 2071 2142
f 2138 2070 2136
f 2071 2070 2138
f 2136 2061 2137
f 2070 2061 2136
f 2137 2046 2135
f 2061 2046 2137
f 2135 2045 2134
f 2046 2045 2135
f 2134 2089 2131
f 2131 2089 2132
f 2045 2089 2134
f 2132 2085 2133
f 2089 2085 2132
f 2133 2073 2117
f 2085 2073 2133
f 2073 2063 2117
f 2147 2102 2148
f 2148 2099 2144
f 2102 2099 2148
f 2144 2097 2145
f 2099 2097 2144
f 2097 2095 2145
f 2145 2096 2146
f 2095 2096 2145
f 2146 2098 2143
f 2143 2098 2159
f 2096 2098 2146
f 2159 2100 2162
f 2098 2100 2159
f 2162 2105 2163
f 2100 2105 2162
f 2105 2110 2163
f 2163 2114 2164
f 2110 2114 2163
f 2164 2116 2155
f 2155 2116 2156
f 2114 2116 2164
f 2156 2091 2157
f 2116 2091 2156
f 2157 2092 2154
f 2091 2092 2157
f 2092 2103 2154
f 2154 2103 2166
f 2166 2104 2165
f 2103 2104 2166
f 2165 2111 2167
f 2104 2111 2165
f 2111 2112 2167
f 2167 2109 2168
f 2112 2109 2167
f 2168 2107 2161
f 2109 2107 2168
f 2161 2106 2158
f 2107 2106 2161
f 2158 2101 2160
f 2106 2101 2158
f 2160 2094 2153
f 2101 2094 2160
f 2153 2093 2152
f 2094 2093 2153
f 2152 2115 2149
f 2149 2115 2150
f 2093 2115 2152
f 2150 2113 2151
f 2115 2113 2150
f 2151 2108 2147
f 2113 2108 2151
f 2108 2102 2147
f 2058 2169 2170
f 2058 2064 2169
f 2053 2170 2171
f 2053 2058 2170
f 2048 2171 2172
f 2048 2053 2171
f 2049 2172 2173
f 2049 2048 2172
f 2051 2173 2174
f 2051 2049 2173
f 2056 2174 2175
f 2056 2051 2174
f 2069 2175 2176
f 2069 2056 2175
f 2079 2176 2177
f 2079 2069 2176
f 2087 2177 2178
f 2087 2079 2177
f 2041 2178 2179
f 2041 2087 2178
f 2039 2179 2180
f 2039 2041 2179
f 2054 2180 2181
f 2054 2039 2180
f 2062 2181 2182
f 2062 2054 2181
f 2043 2060 566
f 647 2182 2183
f 2043 566 562
f 538 2182 647
f 631 2184 2185
f 631 630 2184
f 2062 2182 538
f 648 2183 2186
f 648 647 2183
f 2044 2043 562
f 2044 562 560
f 2072 538 540
f 2072 2062 538
f 632 2185 2187
f 632 631 2185
f 649 2186 2188
f 649 648 2186
f 2088 2044 560
f 2088 560 559
f 2080 540 547
f 2080 2072 540
f 633 2187 2189
f 633 632 2187
f 650 2188 2190
f 650 649 2188
f 2074 559 557
f 2074 2088 559
f 2084 547 542
f 2084 2080 547
f 628 2189 2169
f 628 633 2189
f 654 2190 2191
f 654 650 2190
f 555 628 2169
f 2075 557 555
f 2075 2074 557
f 2064 555 2169
f 2082 542 544
f 2082 2084 542
f 2064 2075 555
f 643 2191 2192
f 643 654 2191
f 2076 544 572
f 2076 2082 544
f 636 643 2192
f 636 2192 2193
f 2067 2076 572
f 2067 572 570
f 635 636 2193
f 635 2193 2194
f 2060 2067 570
f 2060 570 566
f 630 2194 2184
f 630 635 2194
f 565 569 611
f 611 569 651
f 651 573 652
f 569 573 651
f 652 538 647
f 573 538 652
f 555 554 628
f 628 554 629
f 629 554 622
f 622 552 619
f 554 552 622
f 552 548 619
f 548 410 619
f 410 613 619
f 613 412 612
f 410 412 613
f 412 456 612
f 1994 2195 2196
f 1990 2195 1994
f 2197 2026 2024
f 2198 1991 2199
f 1992 1991 2198
f 2197 2200 2026
f 2198 2201 1992
f 2201 1997 1992
f 2199 2014 2202
f 1990 2203 2195
f 1989 2203 1990
f 1991 2014 2199
f 2201 2204 1997
f 2200 2205 2026
f 2026 2205 2028
f 2204 2001 1997
f 2202 2012 2206
f 1989 2207 2203
f 2038 2207 1989
f 2014 2012 2202
f 2208 2005 2204
f 2028 2209 2030
f 2205 2209 2028
f 2204 2005 2001
f 2038 2036 2207
f 2206 2010 2210
f 2036 2211 2207
f 2012 2010 2206
f 2212 2016 2208
f 2208 2016 2005
f 2036 2034 2211
f 2010 2213 2210
f 2030 2214 2032
f 2209 2214 2030
f 2034 2215 2211
f 2032 2215 2034
f 2214 2215 2032
f 2010 2006 2213
f 2212 2216 2016
f 2216 2018 2016
f 2213 2002 2217
f 2006 2002 2213
f 2216 2218 2018
f 2218 2020 2018
f 2002 2219 2217
f 1998 2219 2002
f 2020 2220 2022
f 2218 2220 2020
f 1998 2196 2219
f 1994 2196 1998
f 2220 2197 2022
f 2022 2197 2024
f 2186 2221 2222
f 2183 2221 2186
f 2223 2175 2174
f 2224 2184 2225
f 2185 2184 2224
f 2223 2226 2175
f 2224 2227 2185
f 2227 2187 2185
f 2225 2194 2228
f 2183 2229 2221
f 2182 2229 2183
f 2184 2194 2225
f 2227 2230 2187
f 2226 2231 2175
f 2175 2231 2176
f 2230 2189 2187
f 2228 2193 2232
f 2182 2233 2229
f 2181 2233 2182
f 2194 2193 2228
f 2234 2169 2230
f 2176 2235 2177
f 2231 2235 2176
f 2230 2169 2189
f 2181 2180 2233
f 2232 2192 2236
f 2180 2237 2233
f 2193 2192 2232
f 2238 2170 2234
f 2234 2170 2169
f 2180 2179 2237
f 2192 2239 2236
f 2177 2240 2178
f 2235 2240 2177
f 2179 2241 2237
f 2178 2241 2179
f 2240 2241 2178
f 2192 2191 2239
f 2238 2242 2170
f 2242 2171 2170
f 2239 2190 2243
f 2191 2190 2239
f 2242 2244 2171
f 2244 2172 2171
f 2190 2245 2243
f 2188 2245 2190
f 2172 2246 2173
f 2244 2246 2172
f 2188 2222 2245
f 2186 2222 2188
f 2246 2223 2173
f 2173 2223 2174
f 2247 2248 2249
f 2248 2250 2249
f 2251 2252 2253
f 2253 2254 2255
f 2255 2254 2256
f 2256 2254 2257
f 2257 2254 2258
f 2252 2254 2253
f 2252 2259 2254
f 2260 2259 2252
f 2261 513 2262
f 2262 513 2263
f 2252 2264 2260
f 2263 513 2265
f 2265 513 2266
f 2252 2267 2264
f 513 2268 2266
f 2252 2269 2267
f 2268 391 2270
f 2270 391 2271
f 391 2272 2271
f 401 513 2273
f 2273 513 2261
f 382 401 386
f 2252 386 2274
f 2252 2274 2269
f 2268 2249 2250
f 2268 2250 2266
f 513 391 2268
f 2274 401 2275
f 2275 401 2276
f 2276 401 2277
f 401 2273 2277
f 2274 386 401
f 383 382 384
f 384 382 385
f 385 382 386
f 2278 2279 2280
f 2280 2279 2281
f 2282 2283 2284
f 2278 2249 2279
f 2282 2249 2283
f 2279 2249 2282
f 2278 2285 2249
f 2254 2285 2278
f 2259 2285 2254
f 2285 2286 2249
f 2286 2247 2249
f 2208 2287 2212
f 2212 2288 2216
f 2287 2288 2212
f 2216 2289 2218
f 2288 2289 2216
f 2218 2290 2220
f 2289 2290 2218
f 2290 2291 2220
f 2220 2292 2197
f 2197 2292 2200
f 2291 2292 2220
f 2200 2293 2205
f 2292 2293 2200
f 2205 2294 2209
f 2293 2294 2205
f 2294 2295 2209
f 2209 2296 2214
f 2295 2296 2209
f 2214 2297 2215
f 2215 2297 2211
f 2296 2297 2214
f 2211 2298 2207
f 2297 2298 2211
f 2207 2299 2203
f 2298 2299 2207
f 2299 2300 2203
f 2203 2300 2195
f 2195 2301 2196
f 2300 2301 2195
f 2196 2302 2219
f 2301 2302 2196
f 2302 2303 2219
f 2219 2304 2217
f 2303 2304 2219
f 2217 2305 2213
f 2213 2305 2210
f 2304 2305 2217
f 2210 2306 2206
f 2305 2306 2210
f 2206 2307 2202
f 2306 2307 2206
f 2307 2308 2202
f 2202 2309 2199
f 2199 2309 2198
f 2308 2309 2202
f 2198 2310 2201
f 2309 2310 2198
f 2201 2311 2204
f 2310 2311 2201
f 2204 2312 2208
f 2311 2312 2204
f 2312 2287 2208
f 2313 2314 2315
f 2290 2316 2317
f 2290 2317 2318
f 2319 2300 2299
f 2291 2290 2318
f 2320 2321 2322
f 2291 2318 2323
f 2319 2299 2324
f 2289 2316 2290
f 2325 2322 2326
f 2325 2320 2322
f 2327 2301 2300
f 2327 2300 2319
f 2328 2329 2321
f 2328 2321 2320
f 2292 2291 2323
f 2330 2302 2301
f 2331 2325 2326
f 2330 2301 2327
f 2332 2302 2330
f 2288 2333 2316
f 2334 2335 2329
f 2334 2329 2328
f 2332 2303 2302
f 2288 2316 2289
f 2336 2308 2307
f 2336 2307 2306
f 2336 2306 2305
f 2337 2331 2326
f 2336 2305 2304
f 2287 2338 2333
f 2339 2303 2332
f 2339 2336 2304
f 2339 2304 2303
f 2287 2333 2288
f 2340 2341 2335
f 2336 2314 2313
f 2336 2313 2342
f 2336 2342 2308
f 2340 2335 2334
f 2308 2342 2309
f 2343 2337 2326
f 2344 2323 2326
f 2344 2292 2323
f 2344 2294 2293
f 2344 2293 2292
f 2345 2341 2340
f 2345 2346 2341
f 2312 2347 2338
f 2312 2338 2287
f 2295 2294 2344
f 2323 2343 2326
f 2311 2347 2312
f 2311 2348 2349
f 2311 2349 2347
f 2350 2346 2345
f 2350 2351 2346
f 2296 2295 2344
f 2310 2348 2311
f 2352 2351 2350
f 2353 2296 2344
f 2354 2351 2352
f 2297 2296 2353
f 2309 2342 2348
f 2309 2348 2310
f 2355 2354 2352
f 2356 2298 2297
f 2356 2297 2353
f 2314 2354 2355
f 2314 2355 2357
f 2358 2314 2357
f 2324 2299 2298
f 2324 2298 2356
f 2315 2314 2358
f 2234 2340 2238
f 2238 2334 2242
f 2340 2334 2238
f 2242 2328 2244
f 2334 2328 2242
f 2244 2320 2246
f 2328 2320 2244
f 2320 2325 2246
f 2246 2331 2223
f 2223 2331 2226
f 2325 2331 2246
f 2226 2337 2231
f 2331 2337 2226
f 2231 2343 2235
f 2337 2343 2231
f 2343 2323 2235
f 2235 2318 2240
f 2323 2318 2235
f 2240 2317 2241
f 2241 2317 2237
f 2318 2317 2240
f 2237 2316 2233
f 2317 2316 2237
f 2233 2333 2229
f 2316 2333 2233
f 2333 2338 2229
f 2229 2338 2221
f 2221 2347 2222
f 2338 2347 2221
f 2222 2349 2245
f 2347 2349 2222
f 2349 2348 2245
f 2245 2342 2243
f 2348 2342 2245
f 2243 2313 2239
f 2239 2313 2236
f 2342 2313 2243
f 2236 2315 2232
f 2313 2315 2236
f 2232 2358 2228
f 2315 2358 2232
f 2358 2357 2228
f 2228 2355 2225
f 2225 2355 2224
f 2357 2355 2228
f 2224 2352 2227
f 2355 2352 2224
f 2227 2350 2230
f 2352 2350 2227
f 2230 2345 2234
f 2350 2345 2230
f 2345 2340 2234
f 2354 2259 2260
f 2354 2314 2259
f 2314 2285 2259
f 2314 2336 2285
f 2336 2286 2285
f 2336 2339 2286
f 2356 2353 2262
f 2356 2262 2263
f 2324 2263 2265
f 2324 2356 2263
f 2319 2265 2266
f 2319 2324 2265
f 2327 2266 2250
f 2327 2319 2266
f 2330 2250 2248
f 2330 2327 2250
f 2332 2248 2247
f 2332 2330 2248
f 2339 2247 2286
f 2339 2332 2247
f 2353 2261 2262
f 2353 2344 2261
f 2344 2273 2261
f 2344 2326 2273
f 2326 2277 2273
f 2326 2322 2277
f 2351 2354 2260
f 2351 2260 2264
f 2346 2264 2267
f 2346 2351 2264
f 2341 2267 2269
f 2341 2346 2267
f 2335 2269 2274
f 2335 2341 2269
f 2329 2274 2275
f 2329 2335 2274
f 2321 2275 2276
f 2321 2329 2275
f 2322 2276 2277
f 2322 2321 2276
f 268 386 2252
f 268 285 386
f 268 2252 2251
f 269 268 2251
f 270 2251 2253
f 270 269 2251
f 272 2253 2255
f 272 270 2253
f 273 2255 2256
f 273 272 2255
f 274 2256 2257
f 274 273 2256
f 275 2257 2258
f 275 274 2257
f 271 2258 2254
f 271 275 2258
f 317 2254 2278
f 317 271 2254
f 324 317 2278
f 324 2278 2280
f 323 2280 2281
f 323 324 2280
f 332 2281 2279
f 332 323 2281
f 331 2279 2282
f 331 332 2279
f 337 2282 2284
f 337 331 2282
f 336 2284 2283
f 336 337 2284
f 338 2283 2249
f 338 336 2283
f 364 2249 2268
f 364 338 2249
f 370 364 2268
f 370 2268 2270
f 371 2270 2271
f 371 370 2270
f 369 2271 2272
f 369 371 2271
f 372 2272 391
f 372 369 2272
f 373 391 390
f 373 372 391
f 374 390 389
f 374 373 390
f 357 389 392
f 357 374 389
f 400 403 462
f 462 403 461
f 666 659 656
f 667 656 710
f 667 666 656
f 666 657 659
f 666 665 657
f 664 668 658
f 665 658 657
f 665 664 658
f 485 464 463
f 485 2359 464
f 2359 466 464
f 2359 2360 466
f 2360 474 467
f 2360 467 466
f 2359 485 476
f 474 2360 2359
f 476 474 2359
f 2361 437 439
f 2362 458 2361
f 458 437 2361
f 458 469 460
f 458 2362 469
f 2362 468 469
f 2362 2361 468
f 2361 440 468
f 2361 439 440
f 236 267 298
f 236 240 267
f 232 236 298
f 232 298 293
f 233 293 291
f 233 232 293
f 235 291 292
f 235 233 291
f 238 292 295
f 238 235 292
f 239 295 302
f 239 238 295
f 227 302 310
f 227 239 302
f 318 227 310
f 258 227 318
f 258 318 319
f 228 319 320
f 228 258 319
f 229 320 321
f 229 228 320
f 230 321 322
f 230 229 321
f 231 230 322
f 234 322 327
f 234 231 322
f 237 327 326
f 237 234 327
f 241 326 334
f 241 237 326
f 241 334 342
f 245 241 342
f 249 342 347
f 249 245 342
f 252 347 350
f 252 249 347
f 255 350 353
f 255 252 350
f 256 353 358
f 256 255 353
f 253 358 359
f 253 256 358
f 250 359 360
f 250 253 359
f 246 360 361
f 246 250 360
f 247 361 259
f 247 246 361
f 2363 2364 2365
f 2366 2364 2363
f 2367 2368 377
f 377 2369 2367
f 2368 2370 377
f 2371 2372 2373
f 2374 2372 2371
f 2370 2375 377
f 81 2376 2369
f 2369 2376 2367
f 2375 2377 377
f 81 2378 2376
f 2379 2380 2381
f 2381 2380 2382
f 2377 2383 377
f 2384 375 2385
f 2386 375 2387
f 2365 375 2363
f 2388 375 2382
f 2378 2389 2368
f 2381 375 2373
f 2368 2389 2370
f 2373 375 2371
f 2371 375 2365
f 2363 375 2384
f 2382 375 2381
f 2387 375 2388
f 2383 2390 377
f 2385 375 377
f 2386 2391 375
f 2390 2392 377
f 2393 2394 2375
f 2391 2395 375
f 2375 2394 2377
f 2396 2397 2388
f 2388 2397 2387
f 2392 2398 377
f 2399 2400 2386
f 2398 2401 377
f 2386 2400 2391
f 2402 2403 2383
f 2383 2403 2390
f 2404 2405 2395
f 2401 2406 377
f 2395 2405 375
f 2400 80 2404
f 2404 80 2405
f 2406 2385 377
f 81 80 2378
f 2378 80 2389
f 2389 80 2393
f 2393 80 2394
f 2394 80 2402
f 2402 80 2403
f 2403 80 2407
f 2407 80 2408
f 2407 2408 2392
f 2408 80 2409
f 2409 80 2410
f 2392 2408 2398
f 2410 80 2411
f 2411 80 2412
f 2412 80 2366
f 2366 80 2364
f 2364 80 2374
f 2374 80 2372
f 2372 80 2379
f 2379 80 2380
f 2380 80 2396
f 2396 80 2397
f 2397 80 2399
f 2399 80 2400
f 2401 2410 2406
f 2409 2410 2401
f 2385 2412 2384
f 2411 2412 2385
f 375 2405 378
f 378 2405 2413
f 2414 2415 2416
f 2417 2415 2414
f 2418 2419 378
f 378 2413 2418
f 2419 2420 378
f 2421 2422 2423
f 2424 2422 2421
f 2420 2425 378
f 74 2426 2413
f 2413 2426 2418
f 2425 2427 378
f 74 2428 2426
f 2429 2430 2431
f 2432 2430 2429
f 2427 2433 378
f 2434 376 2435
f 2416 376 2414
f 2428 2436 2419
f 2423 376 2421
f 2414 376 2434
f 2431 376 2429
f 2421 376 2416
f 2419 2436 2420
f 2429 376 2423
f 2437 376 2438
f 2438 376 2431
f 2439 376 2437
f 2433 2440 378
f 2435 376 378
f 2439 2441 376
f 2440 2442 378
f 2443 2444 2425
f 2425 2444 2427
f 2441 2445 376
f 2438 2446 2437
f 2447 2446 2438
f 2442 2448 378
f 2449 2450 2439
f 2448 2451 378
f 2439 2450 2441
f 2452 2453 2433
f 2433 2453 2440
f 2451 2454 378
f 2455 2456 2445
f 2445 2456 376
f 2450 85 2455
f 2455 85 2456
f 2454 2435 378
f 74 85 2428
f 2428 85 2436
f 2436 85 2443
f 2443 85 2444
f 2444 85 2452
f 2452 85 2453
f 2457 2458 2442
f 2453 85 2457
f 2457 85 2458
f 2458 85 2459
f 2459 85 2460
f 2442 2458 2448
f 2460 85 2461
f 2461 85 2462
f 2462 85 2417
f 2417 85 2415
f 2415 85 2424
f 2424 85 2422
f 2422 85 2432
f 2432 85 2430
f 2430 85 2447
f 2447 85 2446
f 2446 85 2449
f 2449 85 2450
f 2451 2460 2454
f 2459 2460 2451
f 2435 2462 2434
f 2461 2462 2435
f 2369 377 2456
f 2456 377 376
f 2456 81 2369
f 2456 85 81
f 2405 74 2413
f 2405 80 74
f 2391 2400 2463
f 2391 2463 2464
f 2391 2464 2465
f 2466 2467 2419
f 2468 2428 2467
f 2467 2428 2419
f 2469 2391 2465
f 2469 2395 2391
f 2470 2465 2464
f 2470 2469 2465
f 2471 2464 2463
f 2471 2470 2464
f 2404 2463 2400
f 2404 2471 2463
f 2404 2395 2471
f 2471 2395 2470
f 2470 2395 2469
f 2472 2473 2418
f 2426 2474 2472
f 2426 2472 2418
f 2474 2428 2468
f 2474 2426 2428
f 2472 2468 2467
f 2472 2474 2468
f 2473 2467 2466
f 2473 2466 2419
f 2473 2472 2467
f 2418 2473 2419
f 2387 2397 2475
f 2387 2475 2476
f 2387 2476 2477
f 2478 2479 2425
f 2480 2443 2479
f 2479 2443 2425
f 2481 2387 2477
f 2481 2386 2387
f 2482 2477 2476
f 2482 2481 2477
f 2483 2476 2475
f 2483 2482 2476
f 2399 2475 2397
f 2399 2483 2475
f 2399 2386 2483
f 2483 2386 2482
f 2482 2386 2481
f 2484 2485 2420
f 2436 2486 2484
f 2436 2484 2420
f 2486 2443 2480
f 2486 2436 2443
f 2484 2480 2479
f 2484 2486 2480
f 2485 2479 2478
f 2485 2478 2425
f 2485 2484 2479
f 2420 2485 2425
f 2382 2380 2487
f 2382 2487 2488
f 2382 2488 2489
f 2490 2491 2433
f 2492 2452 2491
f 2491 2452 2433
f 2493 2382 2489
f 2493 2388 2382
f 2494 2489 2488
f 2494 2493 2489
f 2495 2488 2487
f 2495 2494 2488
f 2396 2487 2380
f 2396 2495 2487
f 2396 2388 2495
f 2495 2388 2494
f 2494 2388 2493
f 2496 2497 2427
f 2444 2498 2496
f 2444 2496 2427
f 2498 2452 2492
f 2498 2444 2452
f 2496 2492 2491
f 2496 2498 2492
f 2497 2491 2490
f 2497 2490 2433
f 2497 2496 2491
f 2427 2497 2433
f 2373 2372 2499
f 2373 2499 2500
f 2373 2500 2501
f 2502 2503 2442
f 2504 2457 2503
f 2503 2457 2442
f 2505 2373 2501
f 2505 2381 2373
f 2506 2501 2500
f 2506 2505 2501
f 2507 2500 2499
f 2507 2506 2500
f 2379 2499 2372
f 2379 2507 2499
f 2379 2381 2507
f 2507 2381 2506
f 2506 2381 2505
f 2508 2509 2440
f 2453 2510 2508
f 2453 2508 2440
f 2510 2457 2504
f 2510 2453 2457
f 2508 2504 2503
f 2508 2510 2504
f 2509 2503 2502
f 2509 2502 2442
f 2509 2508 2503
f 2440 2509 2442
f 2365 2364 2511
f 2365 2511 2512
f 2365 2512 2513
f 2514 2515 2451
f 2516 2459 2515
f 2515 2459 2451
f 2517 2365 2513
f 2517 2371 2365
f 2518 2513 2512
f 2518 2517 2513
f 2519 2512 2511
f 2519 2518 2512
f 2374 2511 2364
f 2374 2519 2511
f 2374 2371 2519
f 2519 2371 2518
f 2518 2371 2517
f 2520 2521 2448
f 2458 2522 2520
f 2458 2520 2448
f 2522 2459 2516
f 2522 2458 2459
f 2520 2516 2515
f 2520 2522 2516
f 2521 2515 2514
f 2521 2514 2451
f 2521 2520 2515
f 2448 2521 2451
f 2384 2412 2523
f 2384 2523 2524
f 2384 2524 2525
f 2526 2527 2435
f 2528 2461 2527
f 2527 2461 2435
f 2529 2384 2525
f 2529 2363 2384
f 2530 2525 2524
f 2530 2529 2525
f 2531 2524 2523
f 2531 2530 2524
f 2366 2523 2412
f 2366 2531 2523
f 2366 2363 2531
f 2531 2363 2530
f 2530 2363 2529
f 2532 2533 2454
f 2460 2534 2532
f 2460 2532 2454
f 2534 2461 2528
f 2534 2460 2461
f 2532 2528 2527
f 2532 2534 2528
f 2533 2527 2526
f 2533 2526 2435
f 2533 2532 2527
f 2454 2533 2435
f 2406 2410 2535
f 2406 2535 2536
f 2406 2536 2537
f 2538 2539 2414
f 2540 2417 2539
f 2539 2417 2414
f 2541 2406 2537
f 2541 2385 2406
f 2542 2537 2536
f 2542 2541 2537
f 2543 2536 2535
f 2543 2542 2536
f 2411 2535 2410
f 2411 2543 2535
f 2411 2385 2543
f 2543 2385 2542
f 2542 2385 2541
f 2544 2545 2434
f 2462 2546 2544
f 2462 2544 2434
f 2546 2417 2540
f 2546 2462 2417
f 2544 2540 2539
f 2544 2546 2540
f 2545 2539 2538
f 2545 2538 2414
f 2545 2544 2539
f 2434 2545 2414
f 2398 2408 2547
f 2398 2547 2548
f 2398 2548 2549
f 2550 2551 2421
f 2552 2424 2551
f 2551 2424 2421
f 2553 2398 2549
f 2553 2401 2398
f 2554 2549 2548
f 2554 2553 2549
f 2555 2548 2547
f 2555 2554 2548
f 2409 2547 2408
f 2409 2555 2547
f 2409 2401 2555
f 2555 2401 2554
f 2554 2401 2553
f 2556 2557 2416
f 2415 2558 2556
f 2415 2556 2416
f 2558 2424 2552
f 2558 2415 2424
f 2556 2552 2551
f 2556 2558 2552
f 2557 2551 2550
f 2557 2550 2421
f 2557 2556 2551
f 2416 2557 2421
f 2390 2403 2559
f 2390 2559 2560
f 2390 2560 2561
f 2562 2563 2429
f 2564 2432 2563
f 2563 2432 2429
f 2565 2390 2561
f 2565 2392 2390
f 2566 2561 2560
f 2566 2565 2561
f 2567 2560 2559
f 2567 2566 2560
f 2407 2559 2403
f 2407 2567 2559
f 2407 2392 2567
f 2567 2392 2566
f 2566 2392 2565
f 2568 2569 2423
f 2422 2570 2568
f 2422 2568 2423
f 2570 2432 2564
f 2570 2422 2432
f 2568 2564 2563
f 2568 2570 2564
f 2569 2563 2562
f 2569 2562 2429
f 2569 2568 2563
f 2423 2569 2429
f 2377 2394 2571
f 2377 2571 2572
f 2377 2572 2573
f 2574 2575 2438
f 2576 2447 2575
f 2575 2447 2438
f 2577 2377 2573
f 2577 2383 2377
f 2578 2573 2572
f 2578 2577 2573
f 2579 2572 2571
f 2579 2578 2572
f 2402 2571 2394
f 2402 2579 2571
f 2402 2383 2579
f 2579 2383 2578
f 2578 2383 2577
f 2580 2581 2431
f 2430 2582 2580
f 2430 2580 2431
f 2582 2447 2576
f 2582 2430 2447
f 2580 2576 2575
f 2580 2582 2576
f 2581 2575 2574
f 2581 2580 2575
f 2431 2574 2438
f 2431 2581 2574
f 2370 2389 2583
f 2370 2583 2584
f 2370 2584 2585
f 2586 2587 2439
f 2588 2449 2587
f 2587 2449 2439
f 2589 2370 2585
f 2589 2375 2370
f 2590 2585 2584
f 2590 2589 2585
f 2591 2584 2583
f 2591 2590 2584
f 2393 2583 2389
f 2393 2591 2583
f 2393 2375 2591
f 2591 2375 2590
f 2590 2375 2589
f 2592 2593 2437
f 2446 2594 2592
f 2446 2592 2437
f 2594 2449 2588
f 2594 2446 2449
f 2592 2588 2587
f 2592 2594 2588
f 2593 2587 2586
f 2593 2586 2439
f 2593 2592 2587
f 2437 2593 2439
f 2367 2376 2595
f 2367 2595 2596
f 2367 2596 2597
f 2598 2599 2445
f 2600 2455 2599
f 2599 2455 2445
f 2601 2367 2597
f 2601 2368 2367
f 2602 2597 2596
f 2602 2601 2597
f 2603 2596 2595
f 2603 2602 2596
f 2378 2595 2376
f 2378 2603 2595
f 2378 2368 2603
f 2603 2368 2602
f 2602 2368 2601
f 2604 2605 2441
f 2450 2606 2604
f 2450 2604 2441
f 2606 2455 2600
f 2606 2450 2455
f 2604 2600 2599
f 2604 2606 2600
f 2605 2599 2598
f 2605 2598 2445
f 2605 2604 2599
f 2441 2605 2445
f 356 365 2607
f 2607 365 2608
f 2608 366 2609
f 365 366 2608
f 2609 367 2610
f 366 367 2609
f 2610 368 2611
f 367 368 2610
f 2611 363 2612
f 368 363 2611
f 2612 362 2613
f 363 362 2612
f 2613 355 2614
f 362 355 2613
f 2614 352 2615
f 355 352 2614
f 2615 349 2616
f 352 349 2615
f 2616 346 2617
f 349 346 2616
f 2617 344 2618
f 346 344 2617
f 2618 341 2619
f 344 341 2618
f 2619 339 2620
f 341 339 2619
f 339 333 2620
f 2620 333 2621
f 2621 329 2622
f 333 329 2621
f 2622 328 2623
f 329 328 2622
f 2623 325 2624
f 328 325 2623
f 2624 330 2625
f 325 330 2624
f 2625 335 2626
f 330 335 2625
f 2626 340 2627
f 335 340 2626
f 2627 343 2628
f 340 343 2627
f 2628 345 2629
f 343 345 2628
f 2629 348 2630
f 345 348 2629
f 2630 351 2631
f 348 351 2630
f 2631 354 2632
f 351 354 2631
f 2632 356 2607
f 354 356 2632
f 2631 2633 2634
f 2615 2616 2635
f 2615 2635 2636
f 2637 2623 2624
f 2638 2624 2625
f 2632 2633 2631
f 2638 2637 2624
f 2639 2622 2623
f 2639 2623 2637
f 2640 2625 2626
f 2640 2638 2625
f 2614 2615 2636
f 2641 2620 2621
f 2641 2621 2622
f 2614 2636 2642
f 2641 2622 2639
f 2607 2633 2632
f 2607 2643 2633
f 2607 2644 2643
f 2645 2640 2626
f 2613 2614 2642
f 2613 2646 2647
f 2613 2642 2646
f 2648 2620 2641
f 2649 2626 2627
f 2608 2644 2607
f 2649 2645 2626
f 2612 2613 2647
f 2612 2647 2650
f 2609 2651 2644
f 2652 2618 2619
f 2652 2619 2620
f 2609 2644 2608
f 2652 2620 2648
f 2653 2627 2628
f 2611 2650 2654
f 2611 2612 2650
f 2610 2654 2651
f 2610 2651 2609
f 2653 2649 2627
f 2610 2611 2654
f 2655 2618 2652
f 2656 2628 2629
f 2656 2653 2628
f 2617 2618 2655
f 2657 2617 2655
f 2658 2656 2629
f 2630 2658 2629
f 2634 2658 2630
f 2616 2617 2657
f 2616 2657 2635
f 2631 2634 2630
f 2659 2660 2661
f 2662 2663 2664
f 2662 2664 2665
f 2666 2667 2668
f 2669 2668 2670
f 2671 2660 2659
f 2669 2666 2668
f 2672 2673 2667
f 2672 2667 2666
f 2674 2670 2675
f 2674 2669 2670
f 2676 2662 2665
f 2677 2678 2679
f 2677 2679 2673
f 2676 2665 2680
f 2677 2673 2672
f 2681 2660 2671
f 2681 2682 2660
f 2681 2683 2682
f 2684 2674 2675
f 2685 2676 2680
f 2685 2686 2687
f 2685 2680 2686
f 2688 2678 2677
f 2689 2675 2690
f 2691 2683 2681
f 2689 2684 2675
f 2692 2685 2687
f 2692 2687 2693
f 2694 2695 2683
f 2696 2697 2698
f 2696 2698 2678
f 2694 2683 2691
f 2696 2678 2688
f 2699 2690 2700
f 2701 2693 2702
f 2701 2692 2693
f 2703 2702 2695
f 2703 2695 2694
f 2699 2689 2690
f 2703 2701 2702
f 2704 2697 2696
f 2705 2700 2706
f 2705 2699 2700
f 2707 2697 2704
f 2708 2707 2704
f 2709 2705 2706
f 2710 2709 2706
f 2661 2709 2710
f 2663 2707 2708
f 2663 2708 2664
f 2659 2661 2710
f 311 312 2681
f 2681 312 2691
f 2691 313 2694
f 312 313 2691
f 2694 314 2703
f 313 314 2694
f 2703 315 2701
f 314 315 2703
f 2701 316 2692
f 315 316 2701
f 2692 309 2685
f 316 309 2692
f 2685 308 2676
f 309 308 2685
f 2676 290 2662
f 308 290 2676
f 2662 289 2663
f 290 289 2662
f 2663 287 2707
f 289 287 2663
f 2707 286 2697
f 287 286 2707
f 2697 288 2698
f 286 288 2697
f 2698 282 2678
f 288 282 2698
f 282 280 2678
f 2678 280 2679
f 2679 278 2673
f 280 278 2679
f 2673 277 2667
f 278 277 2673
f 2667 276 2668
f 277 276 2667
f 2668 279 2670
f 276 279 2668
f 2670 281 2675
f 279 281 2670
f 2675 283 2690
f 281 283 2675
f 2690 284 2700
f 283 284 2690
f 2700 294 2706
f 284 294 2700
f 2706 299 2710
f 294 299 2706
f 2710 300 2659
f 299 300 2710
f 2659 301 2671
f 300 301 2659
f 2671 311 2681
f 301 311 2671
f 2648 2641 2711
f 2711 2641 2712
f 2712 2639 2713
f 2641 2639 2712
f 2713 2637 2714
f 2639 2637 2713
f 2714 2638 2715
f 2637 2638 2714
f 2715 2640 2716
f 2638 2640 2715
f 2716 2645 2717
f 2640 2645 2716
f 2717 2649 2718
f 2645 2649 2717
f 2718 2653 2719
f 2649 2653 2718
f 2719 2656 2720
f 2653 2656 2719
f 2720 2658 2721
f 2656 2658 2720
f 2721 2634 2722
f 2658 2634 2721
f 2722 2633 2723
f 2634 2633 2722
f 2723 2643 2724
f 2633 2643 2723
f 2643 2644 2724
f 2724 2644 2725
f 2725 2651 2726
f 2644 2651 2725
f 2726 2654 2727
f 2651 2654 2726
f 2727 2650 2728
f 2654 2650 2727
f 2728 2647 2729
f 2650 2647 2728
f 2729 2646 2730
f 2647 2646 2729
f 2730 2642 2731
f 2646 2642 2730
f 2731 2636 2732
f 2642 2636 2731
f 2732 2635 2733
f 2636 2635 2732
f 2733 2657 2734
f 2635 2657 2733
f 2734 2655 2735
f 2657 2655 2734
f 2735 2652 2736
f 2655 2652 2735
f 2736 2648 2711
f 2652 2648 2736
f 2737 2738 2739
f 2737 2739 2740
f 2741 2742 2738
f 2743 2744 2745
f 2743 2745 2741
f 2743 2738 2737
f 2743 2741 2738
f 2746 2743 2737
f 2747 2746 2737
f 2748 2749 2750
f 2748 2750 2751
f 2752 2737 2753
f 2752 2754 2747
f 2752 2747 2737
f 2755 2753 2756
f 2755 2756 2757
f 2755 2757 2758
f 2755 2758 2749
f 2755 2752 2753
f 2759 2748 2760
f 2761 2762 2755
f 2761 2755 2749
f 2761 2749 2748
f 2761 2748 2759
f 2716 2713 2714
f 2716 2714 2715
f 2711 2712 2713
f 2734 2735 2736
f 2734 2736 2711
f 2734 2713 2716
f 2734 2711 2713
f 2733 2734 2716
f 2732 2733 2716
f 2724 2721 2722
f 2724 2722 2723
f 2730 2716 2717
f 2730 2731 2732
f 2730 2732 2716
f 2729 2717 2718
f 2729 2718 2719
f 2729 2719 2720
f 2729 2720 2721
f 2729 2730 2717
f 2726 2724 2725
f 2727 2728 2729
f 2727 2729 2721
f 2727 2721 2724
f 2727 2724 2726
f 2688 2677 2741
f 2741 2677 2742
f 2742 2672 2738
f 2677 2672 2742
f 2738 2666 2739
f 2672 2666 2738
f 2739 2669 2740
f 2666 2669 2739
f 2740 2674 2737
f 2669 2674 2740
f 2737 2684 2753
f 2674 2684 2737
f 2753 2689 2756
f 2684 2689 2753
f 2756 2699 2757
f 2689 2699 2756
f 2757 2705 2758
f 2699 2705 2757
f 2758 2709 2749
f 2705 2709 2758
f 2749 2661 2750
f 2709 2661 2749
f 2750 2660 2751
f 2661 2660 2750
f 2751 2682 2748
f 2660 2682 2751
f 2682 2683 2748
f 2748 2683 2760
f 2760 2695 2759
f 2683 2695 2760
f 2759 2702 2761
f 2695 2702 2759
f 2761 2693 2762
f 2702 2693 2761
f 2762 2687 2755
f 2693 2687 2762
f 2755 2686 2752
f 2687 2686 2755
f 2752 2680 2754
f 2686 2680 2752
f 2754 2665 2747
f 2680 2665 2754
f 2747 2664 2746
f 2665 2664 2747
f 2746 2708 2743
f 2664 2708 2746
f 2743 2704 2744
f 2708 2704 2743
f 2744 2696 2745
f 2704 2696 2744
f 2745 2688 2741
f 2696 2688 2745
